use ConquistadoresBD
go

 -----------------------LLENANDO LA TABLA CLUB----------------------------
 --select * from Club
 insert into Club (nombre,calle,colonia,codigo_postal,logo_tipo)
 values('Country club','Los Pinos','Patria','80120','Un pino')
 insert into Club (nombre,calle,colonia,codigo_postal,logo_tipo)
 values('Kid club','La conquista','Cucul','50789','Un perico')
 insert into Club (nombre,calle,colonia,codigo_postal,logo_tipo)
 values('City club','Obregon','Centro','10241','Un edificio')
 insert into Club (nombre,calle,colonia,codigo_postal,logo_tipo)
 values('Chunny club','Las americas','Lomas','20436','Un conejo')
 insert into Club (nombre,calle,colonia,codigo_postal,logo_tipo)
 values('Space club','La madrid','Nueva cordoba','40000','El planeta venus')
 insert into Club (nombre,calle,colonia,codigo_postal,logo_tipo)
 values('Sunny club','Alameda','Sin bandera','20369','Un sol')
 insert into Club (nombre,calle,colonia,codigo_postal,logo_tipo)
 values('Teds club','Los prados','Ayala','70585','Un oso')
 insert into Club (nombre,calle,colonia,codigo_postal,logo_tipo)
 values('Barly club','San Vicente','Los ramos','20774','Una tortuga')
 insert into Club (nombre,calle,colonia,codigo_postal,logo_tipo)
 values('Roco club','La Rambla','Génova','10892','Un dinosaurio')
 insert into Club (nombre,calle,colonia,codigo_postal,logo_tipo)
 values('Snow club','Rotonda','El barrio','60249','Un mono de nieve')
 select * from Club

 ---------------------LLENANDO LA TABLA CAMPAMENTO------------------------
 --select * from campamento
--CAMPAMENTO PARA CHICAS
insert into campamento(nombre,fecha,calle,colonia)
 values('Girls aventura','10/15/2017','Clutier','Barranchos')
 insert into campamento(nombre,fecha,calle,colonia)
 values('El chaparral girls','11/15/2017','Nuevo viejo','Cañadas')
 insert into campamento(nombre,fecha,calle,colonia)
 values('La flor','12/15/2017','La vistita','El mirador')
 insert into campamento(nombre,fecha,calle,colonia)
 values('Luna nueva girls','01/15/2018','Terranova','Bugambilias')
 insert into campamento(nombre,fecha,calle,colonia)
 values('Amanecer girls','02/15/2018','Los pitufos','Vallado')
 insert into campamento(nombre,fecha,calle,colonia)
 values('Girls night','03/15/2018','Villa nueva','Nuevo Culiacán')
 insert into campamento(nombre,fecha,calle,colonia)
 values('Christmas girls','04/15/2018','La imperial','Estanza')
 insert into campamento(nombre,fecha,calle,colonia)
 values('El reencuentro girls','05/15/2018','Pazcual','Guadalupe')
 insert into campamento(nombre,fecha,calle,colonia)
 values('Las perdidas girls','06/15/2018','Orozco','Universitaria')
 insert into campamento(nombre,fecha,calle,colonia)
 values('Dulce o truco girls','07/15/2018','Bistrol','El congreso')
 insert into campamento(nombre,fecha,calle,colonia)
--CAMPAMENTO PARA CHICOS
 values('Boys aventura','10/15/2017','Bistrol','El congreso')
 insert into campamento(nombre,fecha,calle,colonia)
 values('El chaparral boys','11/15/2017','Orozco','Universitaria')
 insert into campamento(nombre,fecha,calle,colonia)
 values('El pino','12/15/2017','La vistita','El mirador')
 insert into campamento(nombre,fecha,calle,colonia)
 values('Luna nueva boys','01/15/2018','Pazcual','Guadalupe')
 insert into campamento(nombre,fecha,calle,colonia)
 values('Amanecer boys','02/15/2018','La imperial','Estanza')
 insert into campamento(nombre,fecha,calle,colonia)
 values('Boys night','03/15/2018','Clutier','Barranchos')
 insert into campamento(nombre,fecha,calle,colonia)
 values('Christmas boys','04/15/2018','Nuevo viejo','Cañadas')
 insert into campamento(nombre,fecha,calle,colonia)
 values('El reencuentro boys','05/15/2018','Terranova','Bugambilias')
 insert into campamento(nombre,fecha,calle,colonia)
 values('Los perdidos boys','06/15/2018','Los pitufos','Vallado')
 insert into campamento(nombre,fecha,calle,colonia)
 values('Dulce o truco boys','07/15/2018','Villa nueva','Nuevo Culiacán')

 select * from campamento

---------------------LLENANDO LA TABLA TIPO EMPLEADO------------------------
--select * from tipoEmpleado
 insert into tipoEmpleado(nombre)
 values('Director')
 insert into tipoEmpleado(nombre)
 values('Subdirector') 
 insert into tipoEmpleado(nombre)
 values('Secretario')
 insert into tipoEmpleado(nombre)
 values('Tesorero')
 insert into tipoEmpleado(nombre)
 values('Instructor')
 insert into tipoEmpleado(nombre)
 values('Consejero')
 select * from tipoEmpleado

--------------------------LLENANDO LA TABLA CLASE------------------------------
--select * from clase
 insert into clase(nombre,color,Rango_Edad)
 values('A','Rojo',10)
 insert into clase(nombre,color,Rango_Edad)
 values('B','Amarillo',11)
 insert into clase(nombre,color,Rango_Edad)
 values('C','Turquesa',12)
 insert into clase(nombre,color,Rango_Edad)
 values('D','Rosa',13)
 insert into clase(nombre,color,Rango_Edad)
 values('E','Cafe',14)
 insert into clase(nombre,color,Rango_Edad)
 values('F','Verde',15)
 insert into clase(nombre,color,Rango_Edad)
 values('Guía Mayor','Blanco',16)

 select * from clase

 
 --------------------LLENANDO LA TABLA ESPECIALIDAD-----------------------
--select * from especialidad
 insert into especialidad(nombre,descrip,clase_id)
 values('Atleta','Dominio en el deporte',1)
 insert into especialidad(nombre,descrip,clase_id)
 values('Primeros auxilios','Dominio en la salud',7)
 insert into especialidad(nombre,descrip,clase_id)
 values('Ecología','Dominio en todo el entorno animal',2)
 insert into especialidad(nombre,descrip,clase_id)
 values('Historiador','Saber sobre cultura general',4)
 insert into especialidad(nombre,descrip,clase_id)
 values('Artista','Dominio en las artes manuales',3)
 insert into especialidad(nombre,descrip,clase_id)
 values('Seguridad','Capacidad de defensa propia',6)
 insert into especialidad(nombre,descrip,clase_id)
 values('Humanidades','Capacidad de apoyo al projimo',5)

 select * from especialidad
 

 ------------------------LLENANDO LA TABLA ACTIVIDAD---------------------------
 --select * from actividad
  ------------- CLASE 1
 insert into actividad(nombre)
 values('Ciclismo')
 insert into actividad(nombre)
 values('Voleibol')
 insert into actividad(nombre)
 values('Beisbol')
 insert into actividad(nombre)
 values('Sóftbol')
 insert into actividad(nombre)
 values('Futbol')
 insert into actividad(nombre)
 values('Ajedrez')
 insert into actividad(nombre)
 values('Patinaje')

  -------------ESPECIALIDAD CLASE 1
 insert into actividad(nombre)
 values('Atletismo')
 insert into actividad(nombre)
 values('Deportes en equipo')
 insert into actividad(nombre)
 values('Natación')
  
  ------------- CLASE 2
 insert into actividad(nombre)
 values('Zoología')
 insert into actividad(nombre)
 values('Jardinería')
 insert into actividad(nombre)
 values('Ecologia')
 insert into actividad(nombre)
 values('Biología')
 insert into actividad(nombre)
 values('Agricultura')
 insert into actividad(nombre)
 values('Herbologia')
 
 -------------ESPECIALIDAD CLASE 2
 insert into actividad(nombre)
 values('Botánica')
 insert into actividad(nombre)
 values('Ornitología')
 insert into actividad(nombre)
 values('Ecosistema')


  ------------- CLASE 3
 insert into actividad(nombre)
 values('Pintura')
 insert into actividad(nombre)
 values('Danza')
 insert into actividad(nombre)
 values('Canto')
 insert into actividad(nombre)
 values('Guitarra')
 insert into actividad(nombre)
 values('Flauta')
 insert into actividad(nombre)
 values('Banda de guerra')
 insert into actividad(nombre)
 values('Fotografia')
 insert into actividad(nombre)
 values('Bordado')
 
  -------------ESPECIALIDAD CLASE 3
 insert into actividad(nombre)
 values('Artesanía')
 insert into actividad(nombre)
 values('Danza folklorica')
 insert into actividad(nombre)
 values('Tejido')
 insert into actividad(nombre)
 values('Coro') 

  ------------- CLASE 4
 insert into actividad(nombre)
 values('Lectura')
 insert into actividad(nombre)
 values('Historia')
 insert into actividad(nombre)
 values('Ortografía')
 insert into actividad(nombre)
 values('Oratoria')
 insert into actividad(nombre)
 values('Regionalismo')

  -------------ESPECIALIDAD CLASE 4
 insert into actividad(nombre)
 values('Cultura general')
 insert into actividad(nombre)
 values('Indigenismo')
 insert into actividad(nombre)
 values('Coleccionista')


 ------------ CLASE 5
 insert into actividad(nombre)
 values('Civismo')
 insert into actividad(nombre)
 values('Hermandad Mundial')
 insert into actividad(nombre)
 values('Ordenanza')
 insert into actividad(nombre)
 values('Etica')

  -------------ESPECIALIDAD CLASE 5
 insert into actividad(nombre)
 values('Ayuda al projimo')
 insert into actividad(nombre)
 values('Alfabetizacin')
 insert into actividad(nombre)
 values('Derechos Humanos')

-------------CLASE 6
 insert into actividad(nombre)
 values('Boxeo')
 insert into actividad(nombre)
 values('Karate')
 insert into actividad(nombre)
 values('Jiu-jitsu')
 insert into actividad(nombre)
 values('Señalacion')

 -------------ESPECIALIDAD CLASE 6
 insert into actividad(nombre)
 values('Defensa personal')
 insert into actividad(nombre)
 values('Seguridad vial')
 insert into actividad(nombre)
 values('Guía')

 ------------- CLASE 7
 insert into actividad(nombre)
 values('Higiene')
 insert into actividad(nombre)
 values('Biología')
 insert into actividad(nombre)
 values('Anatomia')
 insert into actividad(nombre)
 values('Fisiologia')
  insert into actividad(nombre)
 values('Ciencias naturales')
 
 -------------ESPECIALIDAD CLASE 7
 insert into actividad(nombre)
 values('Primeros auxilios')
 insert into actividad(nombre)
 values('Fisioterapia')
  insert into actividad(nombre)
 values('Quimica')
 
 select * from actividad



------------------------LLENANDO LA TABLA PERSONA---------------------------
 --select * from persona where id > 100
 --        FEMENINO 1, MASCULINO 0
 insert into persona(nombre,apellidos,sexo) --EMPLEADO
 values('Andres','Cuadras Ramos',0)
 insert into persona(nombre,apellidos,sexo) --EMPLEADO
 values('Alicia','Perez Ramirez',1)
 insert into persona(nombre,apellidos,sexo) --EMPLEADO
 values('Fernando','Ramos Cuadras',0)
 insert into persona(nombre,apellidos,sexo) --EMPLEADO
 values('Sofia','Gerardo Valenzuela',1)
 insert into persona(nombre,apellidos,sexo) --EMPLEADO
 values('Maria','Garcia Beltrán',1)
 insert into persona(nombre,apellidos,sexo) --EMPLEADO
 values('Martha','Doño Rivera',1)
 insert into persona(nombre,apellidos,sexo) --EMPLEADO
 values('Cristina','Valenzuela Lopez',1)
 insert into persona(nombre,apellidos,sexo) --EMPLEADO
 values('Jaime','Felix Gutierrez',0)
 insert into persona(nombre,apellidos,sexo) --EMPLEADO
 values('Rocio','Barajas Castañeda',1)
 insert into persona(nombre,apellidos,sexo) --EMPLEADO
 values('Ramon','Salcedo Lopez',0)
 insert into persona(nombre,apellidos,sexo) --EMPLEADO
 values('Alex','Montaño Cazas',0)
 insert into persona(nombre,apellidos,sexo) --EMPLEADO
 values('Arturo','Muños Ortiz',0)
 insert into persona(nombre,apellidos,sexo) --EMPLEADO
 values('Benjamin','Parra Angulo',0)
 insert into persona(nombre,apellidos,sexo) --EMPLEADO
 values('Daniel','Ortega Ibarra',0)
 insert into persona(nombre,apellidos,sexo) --EMPLEADO
 values('Ana','Lazcano Perez',1)
 insert into persona(nombre,apellidos,sexo) --EMPLEADO
 values('Erika','Abitia Torres',1)
 insert into persona(nombre,apellidos,sexo) --EMPLEADO
 values('Frida','Angulo Vizcarra',1)
 insert into persona(nombre,apellidos,sexo) --EMPLEADO
 values('Gabriel','Valenzula Rojo',0)
 insert into persona(nombre,apellidos,sexo) --EMPLEADO
 values('Gustavo','Navarro Medina',0)
 insert into persona(nombre,apellidos,sexo) --EMPLEADO
 values('Janeth','Flores Bustillo',1)
 insert into persona(nombre,apellidos,sexo) --EMPLEADO
 values('Ilse','Zavala Valenzuela',1)
 insert into persona(nombre,apellidos,sexo) --EMPLEADO
 values('Lucero','Apodaca Castro',1)
 insert into persona(nombre,apellidos,sexo) --EMPLEADO
 values('Luis','Lopez Canales',0)
 insert into persona(nombre,apellidos,sexo) --EMPLEADO
 values('Adriana','Valenzuela Valenzuela',1)
 insert into persona(nombre,apellidos,sexo) --EMPLEADO
 values('Osvaldo','Leal Rendon',0)
 insert into persona(nombre,apellidos,sexo) --EMPLEADO
 values('Esther','Wong Saille',1)
 insert into persona(nombre,apellidos,sexo) --EMPLEADO
 values('Joel','Sarabia Tamayo',0)
 insert into persona(nombre,apellidos,sexo) --EMPLEADO
 values('Evelia','Sanchez Rivera',1)
 insert into persona(nombre,apellidos,sexo) --EMPLEADO
 values('Antonio','Zuñiga Lozano',0)
 insert into persona(nombre,apellidos,sexo) --EMPLEADO
 values('Brandon','Osuna Neyoy',0)
 insert into persona(nombre,apellidos,sexo) --EMPLEADO
 values('Etccel','Vizcarra Medina',0)
 insert into persona(nombre,apellidos,sexo) --EMPLEADO
 values('Sebastian','Beltrán Quiroz',0)
 insert into persona(nombre,apellidos,sexo) --EMPLEADO
 values('Julia','Quiroz Corrales',1)
 insert into persona(nombre,apellidos,sexo) --EMPLEADO
 values('Rubi','Hernandez Mora',1)
 insert into persona(nombre,apellidos,sexo) --EMPLEADO
 values('Esmeralda','Venegas Sudiel',1)
 insert into persona(nombre,apellidos,sexo) --EMPLEADO
 values('Pablo','Vega Camacho',0)
 insert into persona(nombre,apellidos,sexo) --EMPLEADO
 values('Antony','Ramirez Ramirez',0)
 insert into persona(nombre,apellidos,sexo) --EMPLEADO
 values('Karime','Esavala Peña',1)
 insert into persona(nombre,apellidos,sexo) --EMPLEADO
 values('Samantha','Trujillo Rey',1)
 insert into persona(nombre,apellidos,sexo) --EMPLEADO
 values('Esmeralda','Beltrán Renteria',1)
 insert into persona(nombre,apellidos,sexo) --EMPLEADO
 values('Mariana','Figuero Alcoser',1)
 insert into persona(nombre,apellidos,sexo) --EMPLEADO
 values('Gris','Verduzo Sanchez',1)
 insert into persona(nombre,apellidos,sexo) --EMPLEADO
 values('Charly','Gonzalez Medina',0)
 insert into persona(nombre,apellidos,sexo) --EMPLEADO
 values('Abram','Soto Agulo',0)
 insert into persona(nombre,apellidos,sexo) --EMPLEADO
 values('Susano','Norzagaray Feliz',0)
 insert into persona(nombre,apellidos,sexo) --EMPLEADO
 values('Miguel','Carranza Doriel',0)
 insert into persona(nombre,apellidos,sexo) --EMPLEADO
 values('Valeria','Jimenez Santos',1)
 insert into persona(nombre,apellidos,sexo) --EMPLEADO
 values('Susan','Saenz Clutier',1)
 insert into persona(nombre,apellidos,sexo) --EMPLEADO
 values('Karla','Peña Angulo',1)
 insert into persona(nombre,apellidos,sexo) --EMPLEADO
 values('Mateo','Mileno Turrieldez',0)
 insert into persona(nombre,apellidos,sexo) --EMPLEADO
 values('Daniel','Ballis Alcazar',0)
 insert into persona(nombre,apellidos,sexo) --EMPLEADO
 values('Tania','Quiñonez Morales',1)
 insert into persona(nombre,apellidos,sexo) --EMPLEADO
 values('Joceline','Manjarrez Cazares',1)
 insert into persona(nombre,apellidos,sexo) --EMPLEADO
 values('Julieta','Zalzar Reyes',1)
 insert into persona(nombre,apellidos,sexo) --EMPLEADO
 values('Yahir','Nuñez Payan',0)
 insert into persona(nombre,apellidos,sexo) --EMPLEADO
 values('Octavio','Fuentes Roman',0)
 insert into persona(nombre,apellidos,sexo) --EMPLEADO
 values('Armando','Ambriz Rendon',0)
 insert into persona(nombre,apellidos,sexo) --EMPLEADO
 values('Manuel','Sandoval Lopez',0)
 insert into persona(nombre,apellidos,sexo) --EMPLEADO
 values('Pedro','Chavez Chavez',0)
 insert into persona(nombre,apellidos,sexo) --EMPLEADO
 values('Ambar','Georged Juarez',1)
 insert into persona(nombre,apellidos,sexo) --EMPLEADO
 values('Mariana','Romero Vazques',1)
 insert into persona(nombre,apellidos,sexo) --EMPLEADO
 values('Beren','Sat Diblasino',1)
 insert into persona(nombre,apellidos,sexo) --EMPLEADO
 values('Mariana','Nolasco Hernandez',1)
 insert into persona(nombre,apellidos,sexo) --EMPLEADO
 values('Valentina','Vales Uriarte',1)
 insert into persona(nombre,apellidos,sexo) --EMPLEADO
 values('Roberto','Ramos Felips',0)
 insert into persona(nombre,apellidos,sexo) --EMPLEADO
 values('Jorge','Rubio Pimienta',0)
 insert into persona(nombre,apellidos,sexo) --EMPLEADO
 values('Cristhian','Villa Costa',0)
 insert into persona(nombre,apellidos,sexo) --EMPLEADO
 values('Uriel','Ramirez Mendoza',0)
 insert into persona(nombre,apellidos,sexo) --EMPLEADO
 values('Abdiel','Cervantes Casilla',0)
 insert into persona(nombre,apellidos,sexo) --EMPLEADO
 values('Sandra','Machado Angulo',1)
 insert into persona(nombre,apellidos,sexo) --EMPLEADO
 values('Dulce','Valez Garcia',1)
 insert into persona(nombre,apellidos,sexo) --EMPLEADO
 values('Vianca','Gonzalez Ponce',1)
 insert into persona(nombre,apellidos,sexo) --EMPLEADO
 values('Jasiel','Galvez Tumpela',0)
 insert into persona(nombre,apellidos,sexo) --EMPLEADO
 values('Martin','Quintero Bordado',0)
 insert into persona(nombre,apellidos,sexo) --EMPLEADO
 values('Alison','Rios Castillo',1)
 insert into persona(nombre,apellidos,sexo) --EMPLEADO
 values('Carlo','Fernandez Palacio',0)
 insert into persona(nombre,apellidos,sexo) --EMPLEADO
 values('Rubi','Barrera Rosales',1)
 insert into persona(nombre,apellidos,sexo) --EMPLEADO
 values('Iskra','Urias Carlos',1)
 insert into persona(nombre,apellidos,sexo) --EMPLEADO
 values('Dania','Iridiane Vasquez',1)
 insert into persona(nombre,apellidos,sexo) --EMPLEADO
 values('Jose','Medrano Perez',0)
 insert into persona(nombre,apellidos,sexo) --EMPLEADO
 values('Juan','Galicia Montijo',0)
 insert into persona(nombre,apellidos,sexo) --EMPLEADO
 values('Felix','Cordoba Lopez',0)
 insert into persona(nombre,apellidos,sexo) --EMPLEADO
 values('Dania','Villegas Torres',1)
 insert into persona(nombre,apellidos,sexo) --EMPLEADO
 values('Susan','Marchena Corrado',1)
 insert into persona(nombre,apellidos,sexo) --EMPLEADO
 values('Mara','Castro Ladas',1)
 insert into persona(nombre,apellidos,sexo) --EMPLEADO
 values('Brandon','Osiel Inzunza',0)
 insert into persona(nombre,apellidos,sexo) --EMPLEADO
 values('Kevin','Yuided Díaz',0)
 insert into persona(nombre,apellidos,sexo) --EMPLEADO
 values('Facundo','Serrano Ortiz',0)
 insert into persona(nombre,apellidos,sexo) --EMPLEADO
 values('Hugo','Portillo Fortier',0)
 insert into persona(nombre,apellidos,sexo) --EMPLEADO
 values('Ivan','Zelmal Castro',0)
 insert into persona(nombre,apellidos,sexo) --EMPLEADO
 values('Janice','Echegerrya Prudente',1)
 insert into persona(nombre,apellidos,sexo) --EMPLEADO
 values('Selma','Burgueño Hernandez',1)
 insert into persona(nombre,apellidos,sexo) --EMPLEADO
 values('Frida','Echegaray Lez',1)
 insert into persona(nombre,apellidos,sexo) --EMPLEADO
 values('Laura','Torres Luna',1)
 insert into persona(nombre,apellidos,sexo) --EMPLEADO
 values('Karime','Inzunza Inzunza',1)
 insert into persona(nombre,apellidos,sexo) --EMPLEADO
 values('Joceline','Bojoquez Turner',1)
 insert into persona(nombre,apellidos,sexo) --EMPLEADO
 values('Zara','Guardado Montoya',1)
 insert into persona(nombre,apellidos,sexo) --EMPLEADO
 values('Felipe','Felix Arias',0)
 insert into persona(nombre,apellidos,sexo) --EMPLEADO
 values('Samuel','Zazueta Meza',0)
 insert into persona(nombre,apellidos,sexo) --EMPLEADO
 values('Jose','Luis Zamarripa Rodriguez',0)

 insert into persona(nombre,apellidos,sexo) --PADRE
 values('Joel','Hernandez Parra',0)
 insert into persona(nombre,apellidos,sexo) --PADRE
 values('Magdalena','Beltrán Soza',1)
 insert into persona(nombre,apellidos,sexo) --PADRE
 values('Juan','Felix Manjarrez',0)
 insert into persona(nombre,apellidos,sexo) --PADRE
 values('Josue','Lazcano Villa Real',0)
 insert into persona(nombre,apellidos,sexo) --PADRE
 values('Cristina','Benitez Roman',1)
 insert into persona(nombre,apellidos,sexo) --PADRE
 values('Luis','Quevedo Hernandez',0)
 insert into persona(nombre,apellidos,sexo) --PADRE
 values('Sergio','Noriega Calderon',0)
 insert into persona(nombre,apellidos,sexo) --PADRE
 values('Alejandra','Valenzuela Pérez',1)
 insert into persona(nombre,apellidos,sexo) --PADRE
 values('Jesús','Trujillo García',0)
 insert into persona(nombre,apellidos,sexo) --PADRE
 values('Zulema','Escobar Osuna',1)
 insert into persona(nombre,apellidos,sexo) --PADRE
 values('Carolina','Peralta Carrillo',1)
 insert into persona(nombre,apellidos,sexo) --PADRE
 values ('Flor','Lopez Martinez',1)
insert into persona(nombre,apellidos,sexo) --PADRE
 values ('Cesar','Machado Gomez',0)
insert into persona(nombre,apellidos,sexo) --PADRE
 values ('Pricila','Machado Zalazar',1)
insert into persona(nombre,apellidos,sexo) --PADRE
 values ('Mikaela','Zambrano Fonseca',1)
insert into persona(nombre,apellidos,sexo) --PADRE
 values ('Julisa','Gomez Fonseca',1)
insert into persona(nombre,apellidos,sexo) --PADRE
 values ('Oliver','Zalazar Gomez',0)
insert into persona(nombre,apellidos,sexo) --PADRE
 values ('Cesar','Zambrano Zalazar',0)
insert into persona(nombre,apellidos,sexo) --PADRE
 values ('Fransisco','Perez Bellavia',0)
insert into persona(nombre,apellidos,sexo) --PADRE
 values ('Victoria','Ayala Molina',1)
insert into persona(nombre,apellidos,sexo) --PADRE
 values ('Mikaela','Zalazar Ayala',1)
insert into persona(nombre,apellidos,sexo) --PADRE
 values ('Flor','Zambrano Ayala',1)
insert into persona(nombre,apellidos,sexo) --PADRE
 values ('Sol','Gomez Machado',1)
insert into persona(nombre,apellidos,sexo) --PADRE
 values ('Daniel','Nolasco Fonseca',0)
insert into persona(nombre,apellidos,sexo) --PADRE
 values ('Victoria','Machado Perez',1)
insert into persona(nombre,apellidos,sexo) --PADRE
 values ('Flor','Nolasco Perez',1)
insert into persona(nombre,apellidos,sexo) --PADRE
 values ('Paola','Gomez Zambrano',1)
insert into persona(nombre,apellidos,sexo) --PADRE
 values ('Victoria','Martinez Zambrano',1)
insert into persona(nombre,apellidos,sexo) --PADRE
 values ('Oscar','Bellavia Zambrano',0)
insert into persona(nombre,apellidos,sexo) --PADRE
 values ('Oliver','Lopez Gomez',0)
insert into persona(nombre,apellidos,sexo) --PADRE
 values ('Javier','Zambrano Zalazar',0)
insert into persona(nombre,apellidos,sexo) --PADRE
 values ('Florencia','Bellavia Lopez',1)
insert into persona(nombre,apellidos,sexo) --PADRE
 values ('Carmen','Zambrano Molina',1)
insert into persona(nombre,apellidos,sexo) --PADRE
 values ('Juan','Martinez Fonseca',0)
insert into persona(nombre,apellidos,sexo) --PADRE
 values ('Omar','Bellavia Zalazar',0)
insert into persona(nombre,apellidos,sexo) --PADRE
 values ('Valentin','Zalazar Perez',0)
insert into persona(nombre,apellidos,sexo) --PADRE
 values ('Fernando','Bellavia Zambrano',0)
insert into persona(nombre,apellidos,sexo) --PADRE
 values ('Pricila','Molina Martinez',1)
insert into persona(nombre,apellidos,sexo) --PADRE
 values ('Andres','Gomez Nolasco',0)
insert into persona(nombre,apellidos,sexo) --PADRE
 values ('Julian','Ayala Machado',0)
insert into persona(nombre,apellidos,sexo) --PADRE
 values ('Osmar','Zalazar Gomez',0)
insert into persona(nombre,apellidos,sexo) --PADRE
 values ('Fransis','Zalazar Ayala',0)
insert into persona(nombre,apellidos,sexo) --PADRE
 values ('Cesar','Machado Ayala',0)
insert into persona(nombre,apellidos,sexo) --PADRE
 values ('Laura','Ayala Zambrano',1)
insert into persona(nombre,apellidos,sexo) --PADRE
 values ('Victor','Perez Nolasco',0)
insert into persona(nombre,apellidos,sexo) --PADRE
 values ('Mariel','Lopez Ayala',1)
insert into persona(nombre,apellidos,sexo) --PADRE
 values ('Brianda','Ayala Machado',1)
insert into persona(nombre,apellidos,sexo) --PADRE
 values ('Marco','Bellavia Nolasco',0)
insert into persona(nombre,apellidos,sexo) --PADRE
 values ('Ariana','Bellavia Gomez',1)
insert into persona(nombre,apellidos,sexo) --PADRE
 values ('Luz','Ayala Machado',1)
insert into persona(nombre,apellidos,sexo) --PADRE
 values ('David','Ayala Bellavia',0)
insert into persona(nombre,apellidos,sexo) --PADRE
 values ('Manuel','Machado Zambrano',0)
insert into persona(nombre,apellidos,sexo) --PADRE
 values ('Poncho','Ayala Bellavia',0)
insert into persona(nombre,apellidos,sexo) --PADRE
 values ('Mikaela','Martinez Bellavia',1)
insert into persona(nombre,apellidos,sexo) --PADRE
 values ('Paola','Zambrano Ayala',1)
insert into persona(nombre,apellidos,sexo) --PADRE
 values ('Perla','Molina Ayala',1)
insert into persona(nombre,apellidos,sexo) --PADRE
 values ('Michel','Lopez Molina',1)
insert into persona(nombre,apellidos,sexo) --PADRE
 values ('Julieta','Machado Zalazar',1)
insert into persona(nombre,apellidos,sexo) --PADRE
 values ('Jasiel','Nolasco Molina',0)
insert into persona(nombre,apellidos,sexo) --PADRE
 values ('Jennifer','Gomez Lopez',1)
insert into persona(nombre,apellidos,sexo) --PADRE
 values ('Ana','Gomez Ayala',1)
insert into persona(nombre,apellidos,sexo) --PADRE
 values ('Oscar','Zambrano Zalazar',0)
insert into persona(nombre,apellidos,sexo) --PADRE
 values ('Andres','Molina Gomez',0)
insert into persona(nombre,apellidos,sexo) --PADRE
 values ('Carlo','Fonseca Gomez',0)
insert into persona(nombre,apellidos,sexo) --PADRE
 values ('Kelly','Zambrano Ayala',1)
insert into persona(nombre,apellidos,sexo) --PADRE
 values ('Olivia','Ayala Molina',1)
insert into persona(nombre,apellidos,sexo) --PADRE
 values ('Mari','Lopez Martinez',1)
insert into persona(nombre,apellidos,sexo) --PADRE
 values ('Fransisca','Ayala Fonseca',1)
insert into persona(nombre,apellidos,sexo) --PADRE
 values ('Anael','Molina Perez',1)
insert into persona(nombre,apellidos,sexo) --PADRE
 values ('Mario','Molina Bellavia',0)
insert into persona(nombre,apellidos,sexo) --PADRE
 values ('Andrea','Molina Perez',1)
insert into persona(nombre,apellidos,sexo) --PADRE
 values ('Victoria','Perez Nolasco',1)
insert into persona(nombre,apellidos,sexo) --PADRE
 values ('Rene','Ayala Zambrano',0)
insert into persona(nombre,apellidos,sexo) --PADRE
 values ('Flor','Gomez Martinez',1)
insert into persona(nombre,apellidos,sexo) --PADRE
 values ('Jesus','Ayala Lopez',0)
insert into persona(nombre,apellidos,sexo) --PADRE
 values ('Mili','Ayala Molina',1)
insert into persona(nombre,apellidos,sexo) --PADRE
 values ('Esme','Perez Zalazar',1)
insert into persona(nombre,apellidos,sexo) --PADRE
 values ('Flor','Ayala Machado',1)
insert into persona(nombre,apellidos,sexo) --PADRE
 values ('Andres','Perez Martinez',0)
insert into persona(nombre,apellidos,sexo) --PADRE
 values ('Mario','Lopez Molina',0)
insert into persona(nombre,apellidos,sexo) --PADRE
 values ('Mikaela','Gomez Martinez',1)
insert into persona(nombre,apellidos,sexo) --PADRE
 values ('Barbara','Perez Lopez',1)
insert into persona(nombre,apellidos,sexo) --PADRE
 values ('Victoria','Bellavia Fonseca',1)
insert into persona(nombre,apellidos,sexo) --PADRE
 values ('Paola','Zalazar Fonseca',1)
insert into persona(nombre,apellidos,sexo) --PADRE
 values ('Barbara','Gomez Bellavia',1)
insert into persona(nombre,apellidos,sexo) --PADRE
 values ('Julisa','Zambrano Martinez',1)
insert into persona(nombre,apellidos,sexo) --PADRE
 values ('Mario','Molina Bellavia',0)
insert into persona(nombre,apellidos,sexo) --PADRE
 values ('Mikaela','Nolasco Molina',1)
insert into persona(nombre,apellidos,sexo) --PADRE
 values ('Oliver','Zalazar Molina',0)
insert into persona(nombre,apellidos,sexo) --PADRE
 values ('Barbara','Ayala Martinez',1)
insert into persona(nombre,apellidos,sexo) --PADRE
 values ('Mario','Martinez Fonseca',0)
insert into persona(nombre,apellidos,sexo) --PADRE
 values ('Julisa','Zalazar Ayala',1)
insert into persona(nombre,apellidos,sexo) --PADRE
 values ('Sol','Perez Lopez',1)
insert into persona(nombre,apellidos,sexo) --PADRE
 values ('Flor','Perez Fonseca',1)
insert into persona(nombre,apellidos,sexo) --PADRE
 values ('Oliver','Martinez Ayala',0)
insert into persona(nombre,apellidos,sexo) --PADRE
 values ('Pricila','Fonseca Ayala',1)
insert into persona(nombre,apellidos,sexo) --PADRE
 values ('Julisa','Gomez Machado',1)
insert into persona(nombre,apellidos,sexo) --PADRE
 values ('Paola','Machado Perez',1)
insert into persona(nombre,apellidos,sexo) --PADRE
 values ('Cesar','Molina Perez',0)
insert into persona(nombre,apellidos,sexo) --PADRE
 values ('Mikaela','Molina Perez',1)

 insert into persona(nombre,apellidos,sexo) --HIJO
 values('Elisa','Hernandez Quintero',1)
 insert into persona(nombre,apellidos,sexo) --HIJO
 values('Brian','Quintero Beltrán',0)
 insert into persona(nombre,apellidos,sexo) --HIJO
 values('Alejandra','Felix Peralta',1)
 insert into persona(nombre,apellidos,sexo) --HIJO
 values('Raul','Lazcano Hernandez',0)
 insert into persona(nombre,apellidos,sexo) --HIJO
 values('Carolina','Lozano Benitez',1)
 insert into persona(nombre,apellidos,sexo) --HIJO
 values('Manuel','Quevedo Soza',0) 
 insert into persona(nombre,apellidos,sexo) --HIJO
 values('Romina','Noriega Ortiz',1)
 insert into persona(nombre,apellidos,sexo) --HIJO
 values('Enrique','Felix Valenzuela',0)
 insert into persona(nombre,apellidos,sexo) --HIJO
 values('Fernanda','Trujillo Zamora',1)
 insert into persona(nombre,apellidos,sexo) --HIJO
 values('Daniel','Benitez Escobar',0)
 insert into persona(nombre,apellidos,sexo) --HIJO
 values('Sofia','Reyes Carillo',1)
 insert into persona(nombre,apellidos,sexo) --HIJO
 values('Iván','Medina Lopez',0)
 insert into persona(nombre,apellidos,sexo) --HIJO
 values('Gabriela','Machado Valenzuela',1)
 insert into persona(nombre,apellidos,sexo) --HIJO
 values('Gerardo','Trujillo Machado',0)
 insert into persona(nombre,apellidos,sexo) --HIJO
 values('Bianca','Lastra Zambranos',1)
 insert into persona(nombre,apellidos,sexo) --HIJO
 values('George','Escobar Gomez',0)
 insert into persona(nombre,apellidos,sexo) --HIJO
 values('Karla','Zalazar Escobar',1)
 insert into persona(nombre,apellidos,sexo) --HIJO
 values('Luis','Zambrano Reyes',0)
 insert into persona(nombre,apellidos,sexo) --HIJO
 values('Monica','Perez Vazquez',1)
 insert into persona(nombre,apellidos,sexo) --HIJO
 values('Ulises','Hernandez Ayala',0)
 insert into persona(nombre,apellidos,sexo) --HIJO
 values('Alika','Armienta Zalazar',1)
 insert into persona(nombre,apellidos,sexo) --HIJO
 values('Lorenzo','Benitez Zambrano',0)
 insert into persona(nombre,apellidos,sexo) --HIJO
 values('Dania','Zalazar Gomez',1)
 insert into persona(nombre,apellidos,sexo) --HIJO
 values('Ever','Nolasco Gamez',0)
 insert into persona(nombre,apellidos,sexo) --HIJO
 values('Lucia','Lopez Machado',1)
 insert into persona(nombre,apellidos,sexo) --HIJO
 values('Lucas','Casas Nolasco',0)
 insert into persona(nombre,apellidos,sexo) --HIJO
 values('Lucia','Beltrán Gomez',1)
 insert into persona(nombre,apellidos,sexo) --HIJO
 values('Javier','Martinez Martinez',0)
 insert into persona(nombre,apellidos,sexo) --HIJO
 values('Maya','Bellavia Perez',1)
 insert into persona(nombre,apellidos,sexo) --HIJO
 values('Daniel','Lopez Perez',0)
 insert into persona(nombre,apellidos,sexo) --HIJO
 values('Carolina','Zambrano Quintero',1)
 insert into persona(nombre,apellidos,sexo) --HIJO
 values('Oswualdo','Zafaroni Bellavia',0)
 insert into persona(nombre,apellidos,sexo) --HIJO
 values('Adela','Villa Zambrano',1)
 insert into persona(nombre,apellidos,sexo) --HIJO
 values('Roel','Martinez Molina',0)
 insert into persona(nombre,apellidos,sexo) --HIJO
 values('Deniss','Bellavia Noriega',1)
 insert into persona(nombre,apellidos,sexo) --HIJO
 values('Ruben','Zalazar Felix',0)
 insert into persona(nombre,apellidos,sexo) --HIJO
 values('Marylin','Bellavia Ortega',1)
 insert into persona(nombre,apellidos,sexo) --HIJO
 values('Pedro','Valenzuela Molina',0)
 insert into persona(nombre,apellidos,sexo) --HIJO
 values('Leslie','Gomez Parra',1)
 insert into persona(nombre,apellidos,sexo) --HIJO
 values('Delfino','Grande Ayala',0)
 insert into persona(nombre,apellidos,sexo) --HIJO
 values('Natalia','Zalazar Rivera',1)
 insert into persona(nombre,apellidos,sexo) --HIJO
 values('Josue','Zalazar Reinoza',0)
 insert into persona(nombre,apellidos,sexo) --HIJO
 values('Karla','Machado Soza',1)
 insert into persona(nombre,apellidos,sexo) --HIJO
 values('Omar','Rivera Ayala',0)
 insert into persona(nombre,apellidos,sexo) --HIJO
 values('Victoria','Perez Ramirez',1)
 insert into persona(nombre,apellidos,sexo) --HIJO
 values('Alejandro','Lopez Lopez',0)
 insert into persona(nombre,apellidos,sexo) --HIJO
 values('Jazmin','Peralta Ayala',1)
 insert into persona(nombre,apellidos,sexo) --HIJO
 values('Federico','Bellavia Martinez',0)
 insert into persona(nombre,apellidos,sexo) --HIJO
 values('Fransica','Noriega Bellavilla',1)
 insert into persona(nombre,apellidos,sexo) --HIJO
 values('Sinuhe','Molina Ayala',0)
 insert into persona(nombre,apellidos,sexo) --HIJO
 values('Luisa','Ayala Lopez',1)
 insert into persona(nombre,apellidos,sexo) --HIJO
 values('Hector','Machado Molina',0)
 insert into persona(nombre,apellidos,sexo) --HIJO
 values('Anael','Ayala Valdez',1)
 insert into persona(nombre,apellidos,sexo) --HIJO
 values('Roberto','Inzunza Martinez',0)
 insert into persona(nombre,apellidos,sexo) --HIJO
 values('Kathe','Valenzula Zambrano',1)
 insert into persona(nombre,apellidos,sexo) --HIJO
 values('Alan','Osuna Molina',0)
 insert into persona(nombre,apellidos,sexo) --HIJO
 values('Romina','Torres Lopez',1)
 insert into persona(nombre,apellidos,sexo) --HIJO
 values('Kevin','Ortiz Machado',0)
 insert into persona(nombre,apellidos,sexo) --HIJO
 values('Andrea','Nolasco Pacual',1)
 insert into persona(nombre,apellidos,sexo) --HIJO
 values('Uriel','Pascual Gomez',0)
 insert into persona(nombre,apellidos,sexo) --HIJO
 values('Jimena','Gomez Gomez',1)
 insert into persona(nombre,apellidos,sexo) --HIJO
 values('Rafael','Zambrano Camuya',0)
 insert into persona(nombre,apellidos,sexo) --HIJO
 values('Laurla','Molina Verdiales',1)
 insert into persona(nombre,apellidos,sexo) --HIJO
 values('Angel','Fonseca Benitez',0)
 insert into persona(nombre,apellidos,sexo) --HIJO
 values('Martina','Benites Zambrano',1)
 insert into persona(nombre,apellidos,sexo) --HIJO
 values('Joel','Cordoba Ayala',0)
 insert into persona(nombre,apellidos,sexo) --HIJO
 values('Irlanda','Angulo Lopez',1)
 insert into persona(nombre,apellidos,sexo) --HIJO
 values('Brandon','Buelna Ayala',0)
 insert into persona(nombre,apellidos,sexo) --HIJO
 values('Esther','Paz Molina',1)
 insert into persona(nombre,apellidos,sexo) --HIJO
 values('Damian','Molina Vaez',0)
 insert into persona(nombre,apellidos,sexo) --HIJO
 values('Jessica','Ortega Molina',1)
 insert into persona(nombre,apellidos,sexo) --HIJO
 values('Jasiel','Rios Perez',0)
 insert into persona(nombre,apellidos,sexo) --HIJO
 values('Saiyed','Ayala Domingues',1)
 insert into persona(nombre,apellidos,sexo) --HIJO
 values('Guadalupe','Nevarez Gomez',0)
 insert into persona(nombre,apellidos,sexo) --HIJO
 values('Akire','Ayala Nevarez',1)
 insert into persona(nombre,apellidos,sexo) --HIJO
 values('Baltazar','Peralta Ayala',0)
 insert into persona(nombre,apellidos,sexo) --HIJO
 values('Heidi','Soza Perez',1)
 insert into persona(nombre,apellidos,sexo) --HIJO
 values('Gabriel','Anaya Ayala',0)
 insert into persona(nombre,apellidos,sexo) --HIJO
 values('Lupita','Perez Santirani',1)
 insert into persona(nombre,apellidos,sexo) --HIJO
 values('Adrian','Lopez Netoy',0)
 insert into persona(nombre,apellidos,sexo) --HIJO
 values('Marisela','Rios Gomez',1)
 insert into persona(nombre,apellidos,sexo) --HIJO
 values('Martin','Regil Perez',0)
 insert into persona(nombre,apellidos,sexo) --HIJO
 values('Blanca','Lomas Bellavia',1)
 insert into persona(nombre,apellidos,sexo) --HIJO
 values('Abdiel','Benjarano Zalazar',0)
 insert into persona(nombre,apellidos,sexo) --HIJO
 values('Georgina','Ponce Gomez',1)
 insert into persona(nombre,apellidos,sexo) --HIJO
 values('Alfredo','Abitia Zambrano',0)
 insert into persona(nombre,apellidos,sexo) --HIJO
 values('Rosario','Molina Rios',1)
 insert into persona(nombre,apellidos,sexo) --HIJO
 values('Benjamin','Rios Nolasco',0)
 insert into persona(nombre,apellidos,sexo) --HIJO
 values('Valeria','Zalazar Lugo',1)
 insert into persona(nombre,apellidos,sexo) --HIJO
 values('Fernando','Dono Ayala',0)
 insert into persona(nombre,apellidos,sexo) --HIJO
 values('Marian','Martinez Uriarte',1)
 insert into persona(nombre,apellidos,sexo) --HIJO
 values('Eduardo','Rojo Zalazar',0)
 insert into persona(nombre,apellidos,sexo) --HIJO
 values('Marai','Uriarte Perez',1)
 insert into persona(nombre,apellidos,sexo) --HIJO
 values('Ismael','Abitia Perez',0)
 insert into persona(nombre,apellidos,sexo) --HIJO
 values('Merari','Martinez Navarro',1)
 insert into persona(nombre,apellidos,sexo) --HIJO
 values('Abram','Para Fonseca',0)
 insert into persona(nombre,apellidos,sexo) --HIJO
 values('Mirella','Inda Gomez',1)
 insert into persona(nombre,apellidos,sexo) --HIJO
 values('Kerim','Montaño Machado',0)
 insert into persona(nombre,apellidos,sexo) --HIJO
 values('Cecilia','Molina Ramos',1)
 insert into persona(nombre,apellidos,sexo) --HIJO
 values('Esteban','Cadenas Molina',0)

 select * from persona

 ------------------------LLENANDO LA TABLA ALERGIA---------------------------
 --select * from alergia
 insert into alergia(descrip)
 values('Alergia al polvo')
 insert into alergia(descrip)
 values('Alergia al polen')
 insert into alergia(descrip)
 values('Alergia al moho')
 insert into alergia(descrip)
 values('Alergia al cacahuete')
 insert into alergia(descrip)
 values('Alergia a las nueces')
 insert into alergia(descrip)
 values('Alergia a la penicilina')
 insert into alergia(descrip)
 values('Alergia a la alta exposición solar')
 insert into alergia(descrip)
 values('Alergia a los gatos')
 insert into alergia(descrip)
 values('Alergia a las abejas')
 insert into alergia(descrip)
 values('Alergia a los mariscos')
 insert into alergia(descrip)
 values('Alergia al chocolate')
 insert into alergia(descrip)
 values('Alergia a las almendras')
 select * from alergia

 ------------------------LLENANDO LA TABLA UNIDAD---------------------------
 --select * from unidad
 --select * from club
  --        FEMENINO 1, MASCULINO 0
 insert into unidad(club_id,lema,nombre,logo,genero)
 values(1,'Fieles al deber','A','Una paloma',1)
 insert into unidad(club_id,lema,nombre,logo,genero)
 values(1,'Fieles al deber','B','Una huella de animal',0)
 insert into unidad(club_id,lema,nombre,logo,genero)
 values(2,'Siempre listos','C','Una ardilla',1)
 insert into unidad(club_id,lema,nombre,logo,genero)
 values(2,'Siempre listos','D','Un pollito',0)
 insert into unidad(club_id,lema,nombre,logo,genero)
 values(3,'En servicio a la comunidad','E','Un oso panda',1)
 insert into unidad(club_id,lema,nombre,logo,genero)
 values(3,'En servicio a la comunidad','F','Un koala',0)
 insert into unidad(club_id,lema,nombre,logo,genero)
 values(4,'Sumate al cambio','G','Un camaleon',1)
 insert into unidad(club_id,lema,nombre,logo,genero)
 values(4,'Sumate al cambio','H','Un delfin',0)
 insert into unidad(club_id,lema,nombre,logo,genero)
 values(5,'Poder juvenil','I','Un girasol',1)
 insert into unidad(club_id,lema,nombre,logo,genero)
 values(5,'Poder juvenil','J','Un caballo',0)
 insert into unidad(club_id,lema,nombre,logo,genero)
 values(6,'Movimiento naranja','K','Un venado',1)
 insert into unidad(club_id,lema,nombre,logo,genero)
 values(6,'Movimiento naranja','L','Un pájaro carpintero',0)
 insert into unidad(club_id,lema,nombre,logo,genero)
 values(7,'Siempre fuertes','M','Un tucan',1)
 insert into unidad(club_id,lema,nombre,logo,genero)
 values(7,'Siempre fuertes','N','Un elefante',0)
 insert into unidad(club_id,lema,nombre,logo,genero)
 values(8,'Juntos haremos el cambio','Ñ','Un pingüino',1)
 insert into unidad(club_id,lema,nombre,logo,genero)
 values(8,'Juntos haremos el cambio','O','Un erizo',0)
 insert into unidad(club_id,lema,nombre,logo,genero)
 values(9,'Siempre unidos','P','Un meteorito',1)
 insert into unidad(club_id,lema,nombre,logo,genero)
 values(9,'Siempre unidos','Q','Una estrella marina',0)
 insert into unidad(club_id,lema,nombre,logo,genero)
 values(10,'Persevera y triunfaras','R','Un caballito de mar',1)
 insert into unidad(club_id,lema,nombre,logo,genero)
 values(10,'Persevera y triunfaras','S','Una catarina',0)
 select * from unidad

 -------------------------LLENANDO LA TABLA CAMPAMENTOUNIDAD----------------------------
 --select * from campamentoUnidad
 --select * from unidad where genero like 1 --UNO ES FEMENINO
 --select * from unidad where genero like 0 --CERO ES MASCULINO

 insert into campamentoUnidad(unidad_id, campamento_id) --FEMENINO
 values(1,1)    
 insert into campamentoUnidad(unidad_id, campamento_id) --FEMENINO
 values(3,1)
 insert into campamentoUnidad(unidad_id, campamento_id) --FEMENINO
 values(5,1)
 insert into campamentoUnidad(unidad_id, campamento_id) --FEMENINO
 values(7,1)
 insert into campamentoUnidad(unidad_id, campamento_id) --FEMENINO
 values(9,1)

 insert into campamentoUnidad(unidad_id, campamento_id) --MASCULINO
 values(2,10)
 insert into campamentoUnidad(unidad_id, campamento_id) --MASCULINO
 values(4,10)
 insert into campamentoUnidad(unidad_id, campamento_id) --MASCULINO
 values(6,10)
 insert into campamentoUnidad(unidad_id, campamento_id) --MASCULINO
 values(8,10)
 insert into campamentoUnidad(unidad_id, campamento_id) --MASCULINO
 values(10,10)

 insert into campamentoUnidad(unidad_id, campamento_id) --FEMENINO
 values(11,2)
 insert into campamentoUnidad(unidad_id, campamento_id) --FEMENINO
 values(13,2)
 insert into campamentoUnidad(unidad_id, campamento_id) --FEMENINO
 values(15,2)
 insert into campamentoUnidad(unidad_id, campamento_id) --FEMENINO
 values(17,2)
 insert into campamentoUnidad(unidad_id, campamento_id) --FEMENINO
 values(19,2)

 insert into campamentoUnidad(unidad_id, campamento_id) --MASCULINO
 values(12,12)
 insert into campamentoUnidad(unidad_id, campamento_id) --MASCULINO
 values(14,12)
 insert into campamentoUnidad(unidad_id, campamento_id) --MASCULINO
 values(16,12)
 insert into campamentoUnidad(unidad_id, campamento_id) --MASCULINO
 values(18,12)
 insert into campamentoUnidad(unidad_id, campamento_id) --MASCULINO
 values(20,12)

 insert into campamentoUnidad(unidad_id, campamento_id) --FEMENINO
 values(1,3)    
 insert into campamentoUnidad(unidad_id, campamento_id) --FEMENINO
 values(3,3)
 insert into campamentoUnidad(unidad_id, campamento_id) --FEMENINO
 values(5,3)
 insert into campamentoUnidad(unidad_id, campamento_id) --FEMENINO
 values(7,3)
 insert into campamentoUnidad(unidad_id, campamento_id) --FEMENINO
 values(9,3)

 insert into campamentoUnidad(unidad_id, campamento_id) --MASCULINO
 values(2,13)
 insert into campamentoUnidad(unidad_id, campamento_id) --MASCULINO
 values(4,13)
 insert into campamentoUnidad(unidad_id, campamento_id) --MASCULINO
 values(6,13)
 insert into campamentoUnidad(unidad_id, campamento_id) --MASCULINO
 values(8,13)
 insert into campamentoUnidad(unidad_id, campamento_id) --MASCULINO
 values(10,13)

 insert into campamentoUnidad(unidad_id, campamento_id) --FEMENINO
 values(11,4)
 insert into campamentoUnidad(unidad_id, campamento_id) --FEMENINO
 values(13,4)
 insert into campamentoUnidad(unidad_id, campamento_id) --FEMENINO
 values(15,4)
 insert into campamentoUnidad(unidad_id, campamento_id) --FEMENINO
 values(17,4)
 insert into campamentoUnidad(unidad_id, campamento_id) --FEMENINO
 values(19,4)

 insert into campamentoUnidad(unidad_id, campamento_id) --MASCULINO
 values(12,14)
 insert into campamentoUnidad(unidad_id, campamento_id) --MASCULINO
 values(14,14)
 insert into campamentoUnidad(unidad_id, campamento_id) --MASCULINO
 values(16,14)
 insert into campamentoUnidad(unidad_id, campamento_id) --MASCULINO
 values(18,14)
 insert into campamentoUnidad(unidad_id, campamento_id) --MASCULINO
 values(20,14)
 
 insert into campamentoUnidad(unidad_id, campamento_id) --FEMENINO
 values(1,5)    
 insert into campamentoUnidad(unidad_id, campamento_id) --FEMENINO
 values(3,5)
 insert into campamentoUnidad(unidad_id, campamento_id) --FEMENINO
 values(5,5)
 insert into campamentoUnidad(unidad_id, campamento_id) --FEMENINO
 values(7,5)
 insert into campamentoUnidad(unidad_id, campamento_id) --FEMENINO
 values(9,5)

 insert into campamentoUnidad(unidad_id, campamento_id) --MASCULINO
 values(2,15)
 insert into campamentoUnidad(unidad_id, campamento_id) --MASCULINO
 values(4,15)
 insert into campamentoUnidad(unidad_id, campamento_id) --MASCULINO
 values(6,15)
 insert into campamentoUnidad(unidad_id, campamento_id) --MASCULINO
 values(8,15)
 insert into campamentoUnidad(unidad_id, campamento_id) --MASCULINO
 values(10,15)

 insert into campamentoUnidad(unidad_id, campamento_id) --FEMENINO
 values(11,6)
 insert into campamentoUnidad(unidad_id, campamento_id) --FEMENINO
 values(13,6)
 insert into campamentoUnidad(unidad_id, campamento_id) --FEMENINO
 values(15,6)
 insert into campamentoUnidad(unidad_id, campamento_id) --FEMENINO
 values(17,6)
 insert into campamentoUnidad(unidad_id, campamento_id) --FEMENINO
 values(19,6)

 insert into campamentoUnidad(unidad_id, campamento_id) --MASCULINO
 values(12,16)
 insert into campamentoUnidad(unidad_id, campamento_id) --MASCULINO
 values(14,16)
 insert into campamentoUnidad(unidad_id, campamento_id) --MASCULINO
 values(16,16)
 insert into campamentoUnidad(unidad_id, campamento_id) --MASCULINO
 values(18,16)
 insert into campamentoUnidad(unidad_id, campamento_id) --MASCULINO
 values(20,16)

 insert into campamentoUnidad(unidad_id, campamento_id) --FEMENINO
 values(1,7)    
 insert into campamentoUnidad(unidad_id, campamento_id) --FEMENINO
 values(3,7)
 insert into campamentoUnidad(unidad_id, campamento_id) --FEMENINO
 values(5,7)
 insert into campamentoUnidad(unidad_id, campamento_id) --FEMENINO
 values(7,7)
 insert into campamentoUnidad(unidad_id, campamento_id) --FEMENINO
 values(9,7)

 insert into campamentoUnidad(unidad_id, campamento_id) --MASCULINO
 values(2,17)
 insert into campamentoUnidad(unidad_id, campamento_id) --MASCULINO
 values(4,17)
 insert into campamentoUnidad(unidad_id, campamento_id) --MASCULINO
 values(6,17)
 insert into campamentoUnidad(unidad_id, campamento_id) --MASCULINO
 values(8,17)
 insert into campamentoUnidad(unidad_id, campamento_id) --MASCULINO
 values(10,17)

 insert into campamentoUnidad(unidad_id, campamento_id) --FEMENINO
 values(11,8)
 insert into campamentoUnidad(unidad_id, campamento_id) --FEMENINO
 values(13,8)
 insert into campamentoUnidad(unidad_id, campamento_id) --FEMENINO
 values(15,8)
 insert into campamentoUnidad(unidad_id, campamento_id) --FEMENINO
 values(17,8)
 insert into campamentoUnidad(unidad_id, campamento_id) --FEMENINO
 values(19,8)

 insert into campamentoUnidad(unidad_id, campamento_id) --MASCULINO
 values(12,18)
 insert into campamentoUnidad(unidad_id, campamento_id) --MASCULINO
 values(14,18)
 insert into campamentoUnidad(unidad_id, campamento_id) --MASCULINO
 values(16,18)
 insert into campamentoUnidad(unidad_id, campamento_id) --MASCULINO
 values(18,18)
 insert into campamentoUnidad(unidad_id, campamento_id) --MASCULINO
 values(20,18)

 insert into campamentoUnidad(unidad_id, campamento_id) --FEMENINO
 values(1,9)    
 insert into campamentoUnidad(unidad_id, campamento_id) --FEMENINO
 values(3,9)
 insert into campamentoUnidad(unidad_id, campamento_id) --FEMENINO
 values(5,9)
 insert into campamentoUnidad(unidad_id, campamento_id) --FEMENINO
 values(7,9)
 insert into campamentoUnidad(unidad_id, campamento_id) --FEMENINO
 values(9,9)

 insert into campamentoUnidad(unidad_id, campamento_id) --MASCULINO
 values(2,19)
 insert into campamentoUnidad(unidad_id, campamento_id) --MASCULINO
 values(4,19)
 insert into campamentoUnidad(unidad_id, campamento_id) --MASCULINO
 values(6,19)
 insert into campamentoUnidad(unidad_id, campamento_id) --MASCULINO
 values(8,19)
 insert into campamentoUnidad(unidad_id, campamento_id) --MASCULINO
 values(10,19)

 insert into campamentoUnidad(unidad_id, campamento_id) --FEMENINO
 values(11,10)
 insert into campamentoUnidad(unidad_id, campamento_id) --FEMENINO
 values(13,10)
 insert into campamentoUnidad(unidad_id, campamento_id) --FEMENINO
 values(15,10)
 insert into campamentoUnidad(unidad_id, campamento_id) --FEMENINO
 values(17,10)
 insert into campamentoUnidad(unidad_id, campamento_id) --FEMENINO
 values(19,10)

 insert into campamentoUnidad(unidad_id, campamento_id) --MASCULINO
 values(12,20)
 insert into campamentoUnidad(unidad_id, campamento_id) --MASCULINO
 values(14,20)
 insert into campamentoUnidad(unidad_id, campamento_id) --MASCULINO
 values(16,20)
 insert into campamentoUnidad(unidad_id, campamento_id) --MASCULINO
 values(18,20)
 insert into campamentoUnidad(unidad_id, campamento_id) --MASCULINO
 values(20,20)
 select * from campamentoUnidad

------------------------LLENANDO LA TABLA CLUBCLASE---------------------------
--select * from clubClase
--select * from club
--select * from clase
insert into clubClase(club_id,clase_id)
values(1,1)
insert into clubClase(club_id,clase_id)
values(1,2)
insert into clubClase(club_id,clase_id)
values(1,3)
insert into clubClase(club_id,clase_id)
values(1,4)
insert into clubClase(club_id,clase_id)
values(1,5)
insert into clubClase(club_id,clase_id)
values(1,6)
insert into clubClase(club_id,clase_id)
values(1,7)
insert into clubClase(club_id,clase_id)
values(2,1)
insert into clubClase(club_id,clase_id)
values(2,2)
insert into clubClase(club_id,clase_id)
values(2,3)
insert into clubClase(club_id,clase_id)
values(2,4)
insert into clubClase(club_id,clase_id)
values(2,5)
insert into clubClase(club_id,clase_id)
values(2,6)
insert into clubClase(club_id,clase_id)
values(2,7)
insert into clubClase(club_id,clase_id)
values(3,1)
insert into clubClase(club_id,clase_id)
values(3,2)
insert into clubClase(club_id,clase_id)
values(3,3)
insert into clubClase(club_id,clase_id)
values(3,4)
insert into clubClase(club_id,clase_id)
values(3,5)
insert into clubClase(club_id,clase_id)
values(3,6)
insert into clubClase(club_id,clase_id)
values(3,7)
insert into clubClase(club_id,clase_id)
values(4,1)
insert into clubClase(club_id,clase_id)
values(4,2)
insert into clubClase(club_id,clase_id)
values(4,3)
insert into clubClase(club_id,clase_id)
values(4,4)
insert into clubClase(club_id,clase_id)
values(4,5)
insert into clubClase(club_id,clase_id)
values(4,6)
insert into clubClase(club_id,clase_id)
values(4,7)
insert into clubClase(club_id,clase_id)
values(5,1)
insert into clubClase(club_id,clase_id)
values(5,2)
insert into clubClase(club_id,clase_id)
values(5,3)
insert into clubClase(club_id,clase_id)
values(5,4)
insert into clubClase(club_id,clase_id)
values(5,5)
insert into clubClase(club_id,clase_id)
values(5,6)
insert into clubClase(club_id,clase_id)
values(5,7)
insert into clubClase(club_id,clase_id)
values(6,1)
insert into clubClase(club_id,clase_id)
values(6,2)
insert into clubClase(club_id,clase_id)
values(6,3)
insert into clubClase(club_id,clase_id)
values(6,4)
insert into clubClase(club_id,clase_id)
values(6,5)
insert into clubClase(club_id,clase_id)
values(6,6)
insert into clubClase(club_id,clase_id)
values(6,7)
insert into clubClase(club_id,clase_id)
values(7,1)
insert into clubClase(club_id,clase_id)
values(7,2)
insert into clubClase(club_id,clase_id)
values(7,3)
insert into clubClase(club_id,clase_id)
values(7,4)
insert into clubClase(club_id,clase_id)
values(7,5)
insert into clubClase(club_id,clase_id)
values(7,6)
insert into clubClase(club_id,clase_id)
values(7,7)
insert into clubClase(club_id,clase_id)
values(8,1)
insert into clubClase(club_id,clase_id)
values(8,2)
insert into clubClase(club_id,clase_id)
values(8,3)
insert into clubClase(club_id,clase_id)
values(8,4)
insert into clubClase(club_id,clase_id)
values(8,5)
insert into clubClase(club_id,clase_id)
values(8,6)
insert into clubClase(club_id,clase_id)
values(8,7)
insert into clubClase(club_id,clase_id)
values(9,1)
insert into clubClase(club_id,clase_id)
values(9,2)
insert into clubClase(club_id,clase_id)
values(9,3)
insert into clubClase(club_id,clase_id)
values(9,4)
insert into clubClase(club_id,clase_id)
values(9,5)
insert into clubClase(club_id,clase_id)
values(9,6)
insert into clubClase(club_id,clase_id)
values(9,7)
insert into clubClase(club_id,clase_id)
values(10,1)
insert into clubClase(club_id,clase_id)
values(10,2)
insert into clubClase(club_id,clase_id)
values(10,3)
insert into clubClase(club_id,clase_id)
values(10,4)
insert into clubClase(club_id,clase_id)
values(10,5)
insert into clubClase(club_id,clase_id)
values(10,6)
insert into clubClase(club_id,clase_id)
values(10,7)

select * from clubClase


------------------------LLENANDO LA TABLA TRABAJADOR---------------------------
--select * from trabajador
--select id from persona 
--select * from tipoEmpleado
--select id,nombre from club 
----- ESTATUS; 0 ES INACTIVO, 1 ES ACVTIVO
insert into trabajador(trabajador_id,tipoEmp_id,estatus)
values(1,1,1)
insert into trabajador(trabajador_id,tipoEmp_id,estatus)
values(2,2,1)
insert into trabajador(trabajador_id,tipoEmp_id,estatus)
values(3,3,1)
insert into trabajador(trabajador_id,tipoEmp_id,estatus)
values(4,4,1)
insert into trabajador(trabajador_id,tipoEmp_id,estatus)
values(5,6,1)
insert into trabajador(trabajador_id,tipoEmp_id,estatus)
values(6,5,1)
insert into trabajador(trabajador_id,tipoEmp_id,estatus)
values(7,5,1)
insert into trabajador(trabajador_id,tipoEmp_id,estatus)
values(8,5,1)
insert into trabajador(trabajador_id,tipoEmp_id,estatus)
values(9,5,1)
insert into trabajador(trabajador_id,tipoEmp_id,estatus)
values(10,5,1)
insert into trabajador(trabajador_id,tipoEmp_id,estatus)
values(11,1,1)
insert into trabajador(trabajador_id,tipoEmp_id,estatus)
values(12,2,1)
insert into trabajador(trabajador_id,tipoEmp_id,estatus)
values(13,3,1)
insert into trabajador(trabajador_id,tipoEmp_id,estatus)
values(14,4,1)
insert into trabajador(trabajador_id,tipoEmp_id,estatus)
values(15,6,1)
insert into trabajador(trabajador_id,tipoEmp_id,estatus)
values(16,5,1)
insert into trabajador(trabajador_id,tipoEmp_id,estatus)
values(17,5,1)
insert into trabajador(trabajador_id,tipoEmp_id,estatus)
values(18,5,1)
insert into trabajador(trabajador_id,tipoEmp_id,estatus)
values(19,5,1)
insert into trabajador(trabajador_id,tipoEmp_id,estatus)
values(20,5,1)
insert into trabajador(trabajador_id,tipoEmp_id,estatus)
values(21,1,1)
insert into trabajador(trabajador_id,tipoEmp_id,estatus)
values(22,2,1)
insert into trabajador(trabajador_id,tipoEmp_id,estatus)
values(23,3,1)
insert into trabajador(trabajador_id,tipoEmp_id,estatus)
values(24,4,1)
insert into trabajador(trabajador_id,tipoEmp_id,estatus)
values(25,6,1)
insert into trabajador(trabajador_id,tipoEmp_id,estatus)
values(26,5,1)
insert into trabajador(trabajador_id,tipoEmp_id,estatus)
values(27,5,1)
insert into trabajador(trabajador_id,tipoEmp_id,estatus)
values(28,5,1)
insert into trabajador(trabajador_id,tipoEmp_id,estatus)
values(29,5,1)
insert into trabajador(trabajador_id,tipoEmp_id,estatus)
values(30,5,1)
insert into trabajador(trabajador_id,tipoEmp_id,estatus)
values(31,1,1)
insert into trabajador(trabajador_id,tipoEmp_id,estatus)
values(32,2,1)
insert into trabajador(trabajador_id,tipoEmp_id,estatus)
values(33,3,1)
insert into trabajador(trabajador_id,tipoEmp_id,estatus)
values(34,4,1)
insert into trabajador(trabajador_id,tipoEmp_id,estatus)
values(35,6,1)
insert into trabajador(trabajador_id,tipoEmp_id,estatus)
values(36,5,1)
insert into trabajador(trabajador_id,tipoEmp_id,estatus)
values(37,5,1)
insert into trabajador(trabajador_id,tipoEmp_id,estatus)
values(38,5,1)
insert into trabajador(trabajador_id,tipoEmp_id,estatus)
values(39,5,1)
insert into trabajador(trabajador_id,tipoEmp_id,estatus)
values(40,5,1)
insert into trabajador(trabajador_id,tipoEmp_id,estatus)
values(41,1,1)
insert into trabajador(trabajador_id,tipoEmp_id,estatus)
values(42,2,1)
insert into trabajador(trabajador_id,tipoEmp_id,estatus)
values(43,3,1)
insert into trabajador(trabajador_id,tipoEmp_id,estatus)
values(44,4,1)
insert into trabajador(trabajador_id,tipoEmp_id,estatus)
values(45,6,1)
insert into trabajador(trabajador_id,tipoEmp_id,estatus)
values(46,5,1)
insert into trabajador(trabajador_id,tipoEmp_id,estatus)
values(47,5,1)
insert into trabajador(trabajador_id,tipoEmp_id,estatus)
values(48,5,1)
insert into trabajador(trabajador_id,tipoEmp_id,estatus)
values(49,5,1)
insert into trabajador(trabajador_id,tipoEmp_id,estatus)
values(50,5,1)
insert into trabajador(trabajador_id,tipoEmp_id,estatus)
values(51,1,1 )
insert into trabajador(trabajador_id,tipoEmp_id,estatus)
values(52,2,1)
insert into trabajador(trabajador_id,tipoEmp_id,estatus)
values(53,3,1)
insert into trabajador(trabajador_id,tipoEmp_id,estatus)
values(54,4,1)
insert into trabajador(trabajador_id,tipoEmp_id,estatus)
values(55,6,1)
insert into trabajador(trabajador_id,tipoEmp_id,estatus)
values(56,5,1)
insert into trabajador(trabajador_id,tipoEmp_id,estatus)
values(57,5,1)
insert into trabajador(trabajador_id,tipoEmp_id,estatus)
values(58,5,1)
insert into trabajador(trabajador_id,tipoEmp_id,estatus)
values(59,5,1)
insert into trabajador(trabajador_id,tipoEmp_id,estatus)
values(60,5,1)
insert into trabajador(trabajador_id,tipoEmp_id,estatus)
values(61,1,1)
insert into trabajador(trabajador_id,tipoEmp_id,estatus)
values(62,2,1)
insert into trabajador(trabajador_id,tipoEmp_id,estatus)
values(63,3,1)
insert into trabajador(trabajador_id,tipoEmp_id,estatus)
values(64,4,1)
insert into trabajador(trabajador_id,tipoEmp_id,estatus)
values(65,6,1)
insert into trabajador(trabajador_id,tipoEmp_id,estatus)
values(66,5,1)
insert into trabajador(trabajador_id,tipoEmp_id,estatus)
values(67,5,1)
insert into trabajador(trabajador_id,tipoEmp_id,estatus)
values(68,5,1)
insert into trabajador(trabajador_id,tipoEmp_id,estatus)
values(69,5,1)
insert into trabajador(trabajador_id,tipoEmp_id,estatus)
values(70,5,1)
insert into trabajador(trabajador_id,tipoEmp_id,estatus)
values(71,1,1)
insert into trabajador(trabajador_id,tipoEmp_id,estatus)
values(72,2,1)
insert into trabajador(trabajador_id,tipoEmp_id,estatus)
values(73,3,1)
insert into trabajador(trabajador_id,tipoEmp_id,estatus)
values(74,4,1)
insert into trabajador(trabajador_id,tipoEmp_id,estatus)
values(75,6,1)
insert into trabajador(trabajador_id,tipoEmp_id,estatus)
values(76,5,1)
insert into trabajador(trabajador_id,tipoEmp_id,estatus)
values(77,5,1)
insert into trabajador(trabajador_id,tipoEmp_id,estatus)
values(78,5,1)
insert into trabajador(trabajador_id,tipoEmp_id,estatus)
values(79,5,1)
insert into trabajador(trabajador_id,tipoEmp_id,estatus)
values(80,5,1)
insert into trabajador(trabajador_id,tipoEmp_id,estatus)
values(81,1,1)
insert into trabajador(trabajador_id,tipoEmp_id,estatus)
values(82,2,1)
insert into trabajador(trabajador_id,tipoEmp_id,estatus)
values(83,3,1)
insert into trabajador(trabajador_id,tipoEmp_id,estatus)
values(84,4,1)
insert into trabajador(trabajador_id,tipoEmp_id,estatus)
values(85,6,1)
insert into trabajador(trabajador_id,tipoEmp_id,estatus)
values(86,5,1)
insert into trabajador(trabajador_id,tipoEmp_id,estatus)
values(87,5,1)
insert into trabajador(trabajador_id,tipoEmp_id,estatus)
values(88,5,1)
insert into trabajador(trabajador_id,tipoEmp_id,estatus)
values(89,5,1)
insert into trabajador(trabajador_id,tipoEmp_id,estatus)
values(90,5,1)
insert into trabajador(trabajador_id,tipoEmp_id,estatus)
values(91,1,1)
insert into trabajador(trabajador_id,tipoEmp_id,estatus)
values(92,2,1)
insert into trabajador(trabajador_id,tipoEmp_id,estatus)
values(93,3,1)
insert into trabajador(trabajador_id,tipoEmp_id,estatus)
values(94,4,1)
insert into trabajador(trabajador_id,tipoEmp_id,estatus)
values(95,6,1)
insert into trabajador(trabajador_id,tipoEmp_id,estatus)
values(96,5,1)
insert into trabajador(trabajador_id,tipoEmp_id,estatus)
values(97,5,1)
insert into trabajador(trabajador_id,tipoEmp_id,estatus)
values(98,5,1)
insert into trabajador(trabajador_id,tipoEmp_id,estatus)
values(99,5,1)
insert into trabajador(trabajador_id,tipoEmp_id,estatus)
values(100,5,1)
select * from trabajador

------------------------LLENANDO LA TABLA ESPECIALIDADTRABAJADOR---------------------------
--select * from HistorialTrabajador
--select * from especialidad
--select trabajador_id from trabajador where tipoEmp_id like '5' 
--5 SIGNIFICA QUE ES INSTRUCTOR
insert into EspecialidadTrabajador(trabajador_id,especialidad_id)
values(6,6)
insert into EspecialidadTrabajador(trabajador_id,especialidad_id)
values(6,7)
insert into EspecialidadTrabajador(trabajador_id,especialidad_id)
values(7,6)
insert into EspecialidadTrabajador(trabajador_id,especialidad_id)
values(7,7)
insert into EspecialidadTrabajador(trabajador_id,especialidad_id)
values(8,6)
insert into EspecialidadTrabajador(trabajador_id,especialidad_id)
values(8,7)
insert into EspecialidadTrabajador(trabajador_id,especialidad_id)
values(9,6)
insert into EspecialidadTrabajador(trabajador_id,especialidad_id)
values(9,7)
insert into EspecialidadTrabajador(trabajador_id,especialidad_id)
values(10,6)
insert into EspecialidadTrabajador(trabajador_id,especialidad_id)
values(10,7)
insert into EspecialidadTrabajador(trabajador_id,especialidad_id)
values(16,6)
insert into EspecialidadTrabajador(trabajador_id,especialidad_id)
values(16,7)
insert into EspecialidadTrabajador(trabajador_id,especialidad_id)
values(17,6)
insert into EspecialidadTrabajador(trabajador_id,especialidad_id)
values(17,7)
insert into EspecialidadTrabajador(trabajador_id,especialidad_id)
values(18,6)
insert into EspecialidadTrabajador(trabajador_id,especialidad_id)
values(18,7)
insert into EspecialidadTrabajador(trabajador_id,especialidad_id)
values(19,6)
insert into EspecialidadTrabajador(trabajador_id,especialidad_id)
values(19,7)
insert into EspecialidadTrabajador(trabajador_id,especialidad_id)
values(20,6)
insert into EspecialidadTrabajador(trabajador_id,especialidad_id)
values(20,7)
insert into EspecialidadTrabajador(trabajador_id,especialidad_id)
values(26,6)
insert into EspecialidadTrabajador(trabajador_id,especialidad_id)
values(26,7)
insert into EspecialidadTrabajador(trabajador_id,especialidad_id)
values(27,6)
insert into EspecialidadTrabajador(trabajador_id,especialidad_id)
values(27,7)
insert into EspecialidadTrabajador(trabajador_id,especialidad_id)
values(28,6)
insert into EspecialidadTrabajador(trabajador_id,especialidad_id)
values(28,7)
insert into EspecialidadTrabajador(trabajador_id,especialidad_id)
values(29,6)
insert into EspecialidadTrabajador(trabajador_id,especialidad_id)
values(29,7)
insert into EspecialidadTrabajador(trabajador_id,especialidad_id)
values(30,6)
insert into EspecialidadTrabajador(trabajador_id,especialidad_id)
values(30,7)
insert into EspecialidadTrabajador(trabajador_id,especialidad_id)
values(36,6)
insert into EspecialidadTrabajador(trabajador_id,especialidad_id)
values(36,7)
insert into EspecialidadTrabajador(trabajador_id,especialidad_id)
values(37,6)
insert into EspecialidadTrabajador(trabajador_id,especialidad_id)
values(37,7)
insert into EspecialidadTrabajador(trabajador_id,especialidad_id)
values(38,6)
insert into EspecialidadTrabajador(trabajador_id,especialidad_id)
values(38,7)
insert into EspecialidadTrabajador(trabajador_id,especialidad_id)
values(39,6)
insert into EspecialidadTrabajador(trabajador_id,especialidad_id)
values(39,7)
insert into EspecialidadTrabajador(trabajador_id,especialidad_id)
values(40,6)
insert into EspecialidadTrabajador(trabajador_id,especialidad_id)
values(40,7)
insert into EspecialidadTrabajador(trabajador_id,especialidad_id)
values(46,6)
insert into EspecialidadTrabajador(trabajador_id,especialidad_id)
values(46,7)
insert into EspecialidadTrabajador(trabajador_id,especialidad_id)
values(47,6)
insert into EspecialidadTrabajador(trabajador_id,especialidad_id)
values(47,7)
insert into EspecialidadTrabajador(trabajador_id,especialidad_id)
values(48,6)
insert into EspecialidadTrabajador(trabajador_id,especialidad_id)
values(48,7)
insert into EspecialidadTrabajador(trabajador_id,especialidad_id)
values(49,6)
insert into EspecialidadTrabajador(trabajador_id,especialidad_id)
values(49,7)
insert into EspecialidadTrabajador(trabajador_id,especialidad_id)
values(50,6)
insert into EspecialidadTrabajador(trabajador_id,especialidad_id)
values(50,7)
insert into EspecialidadTrabajador(trabajador_id,especialidad_id)
values(56,6)
insert into EspecialidadTrabajador(trabajador_id,especialidad_id)
values(56,7)
insert into EspecialidadTrabajador(trabajador_id,especialidad_id)
values(57,6)
insert into EspecialidadTrabajador(trabajador_id,especialidad_id)
values(57,7)
insert into EspecialidadTrabajador(trabajador_id,especialidad_id)
values(58,6)
insert into EspecialidadTrabajador(trabajador_id,especialidad_id)
values(58,7)
insert into EspecialidadTrabajador(trabajador_id,especialidad_id)
values(59,6)
insert into EspecialidadTrabajador(trabajador_id,especialidad_id)
values(59,7)
insert into EspecialidadTrabajador(trabajador_id,especialidad_id)
values(60,6)
insert into EspecialidadTrabajador(trabajador_id,especialidad_id)
values(60,7)
insert into EspecialidadTrabajador(trabajador_id,especialidad_id)
values(66,6)
insert into EspecialidadTrabajador(trabajador_id,especialidad_id)
values(66,7)
insert into EspecialidadTrabajador(trabajador_id,especialidad_id)
values(67,6)
insert into EspecialidadTrabajador(trabajador_id,especialidad_id)
values(67,7)
insert into EspecialidadTrabajador(trabajador_id,especialidad_id)
values(68,6)
insert into EspecialidadTrabajador(trabajador_id,especialidad_id)
values(68,7)
insert into EspecialidadTrabajador(trabajador_id,especialidad_id)
values(69,6)
insert into EspecialidadTrabajador(trabajador_id,especialidad_id)
values(69,7)
insert into EspecialidadTrabajador(trabajador_id,especialidad_id)
values(70,6)
insert into EspecialidadTrabajador(trabajador_id,especialidad_id)
values(70,7)
insert into EspecialidadTrabajador(trabajador_id,especialidad_id)
values(76,6)
insert into EspecialidadTrabajador(trabajador_id,especialidad_id)
values(76,7)
insert into EspecialidadTrabajador(trabajador_id,especialidad_id)
values(77,6)
insert into EspecialidadTrabajador(trabajador_id,especialidad_id)
values(77,7)
insert into EspecialidadTrabajador(trabajador_id,especialidad_id)
values(78,6)
insert into EspecialidadTrabajador(trabajador_id,especialidad_id)
values(78,7)
insert into EspecialidadTrabajador(trabajador_id,especialidad_id)
values(79,6)
insert into EspecialidadTrabajador(trabajador_id,especialidad_id)
values(79,7)
insert into EspecialidadTrabajador(trabajador_id,especialidad_id)
values(80,6)
insert into EspecialidadTrabajador(trabajador_id,especialidad_id)
values(80,7)
insert into EspecialidadTrabajador(trabajador_id,especialidad_id)
values(86,6)
insert into EspecialidadTrabajador(trabajador_id,especialidad_id)
values(86,7)
insert into EspecialidadTrabajador(trabajador_id,especialidad_id)
values(87,6)
insert into EspecialidadTrabajador(trabajador_id,especialidad_id)
values(87,7)
insert into EspecialidadTrabajador(trabajador_id,especialidad_id)
values(88,6)
insert into EspecialidadTrabajador(trabajador_id,especialidad_id)
values(88,7)
insert into EspecialidadTrabajador(trabajador_id,especialidad_id)
values(89,6)
insert into EspecialidadTrabajador(trabajador_id,especialidad_id)
values(89,7)
insert into EspecialidadTrabajador(trabajador_id,especialidad_id)
values(90,6)
insert into EspecialidadTrabajador(trabajador_id,especialidad_id)
values(90,7)
insert into EspecialidadTrabajador(trabajador_id,especialidad_id)
values(96,6)
insert into EspecialidadTrabajador(trabajador_id,especialidad_id)
values(96,7)
insert into EspecialidadTrabajador(trabajador_id,especialidad_id)
values(97,6)
insert into EspecialidadTrabajador(trabajador_id,especialidad_id)
values(97,7)
insert into EspecialidadTrabajador(trabajador_id,especialidad_id)
values(98,6)
insert into EspecialidadTrabajador(trabajador_id,especialidad_id)
values(98,7)
insert into EspecialidadTrabajador(trabajador_id,especialidad_id)
values(99,6)
insert into EspecialidadTrabajador(trabajador_id,especialidad_id)
values(99,7)
insert into EspecialidadTrabajador(trabajador_id,especialidad_id)
values(100,6)
insert into EspecialidadTrabajador(trabajador_id,especialidad_id)
values(100,7)
select * from EspecialidadTrabajador


------------------------LLENANDO LA TABLA CLASEACTIVIDAD---------------------------
--select * from claseActividad
--select * from actividad
--select * from clase
insert into claseActividad(clase_id,actividad_id)
values(1,1)
insert into claseActividad(clase_id,actividad_id)
values(1,2)
insert into claseActividad(clase_id,actividad_id)
values(1,3)
insert into claseActividad(clase_id,actividad_id)
values(1,4)
insert into claseActividad(clase_id,actividad_id)
values(1,5)
insert into claseActividad(clase_id,actividad_id)
values(1,6)
insert into claseActividad(clase_id,actividad_id)
values(1,7)

insert into claseActividad(clase_id,actividad_id)
values(2,11)
insert into claseActividad(clase_id,actividad_id)
values(2,12)
insert into claseActividad(clase_id,actividad_id)
values(2,13)
insert into claseActividad(clase_id,actividad_id)
values(2,14)
insert into claseActividad(clase_id,actividad_id)
values(2,15)
insert into claseActividad(clase_id,actividad_id)
values(2,16)

insert into claseActividad(clase_id,actividad_id)
values(3,20)
insert into claseActividad(clase_id,actividad_id)
values(3,21)
insert into claseActividad(clase_id,actividad_id)
values(3,22)
insert into claseActividad(clase_id,actividad_id)
values(3,23)
insert into claseActividad(clase_id,actividad_id)
values(3,24)
insert into claseActividad(clase_id,actividad_id)
values(3,25)
insert into claseActividad(clase_id,actividad_id)
values(3,26)
insert into claseActividad(clase_id,actividad_id)
values(3,27)

insert into claseActividad(clase_id,actividad_id)
values(4,32)
insert into claseActividad(clase_id,actividad_id)
values(4,33)
insert into claseActividad(clase_id,actividad_id)
values(4,34)
insert into claseActividad(clase_id,actividad_id)
values(4,35)
insert into claseActividad(clase_id,actividad_id)
values(4,36)

insert into claseActividad(clase_id,actividad_id)
values(5,40)
insert into claseActividad(clase_id,actividad_id)
values(5,41)
insert into claseActividad(clase_id,actividad_id)
values(5,42)
insert into claseActividad(clase_id,actividad_id)
values(5,43)

insert into claseActividad(clase_id,actividad_id)
values(6,47)
insert into claseActividad(clase_id,actividad_id)
values(6,48)
insert into claseActividad(clase_id,actividad_id)
values(6,49)
insert into claseActividad(clase_id,actividad_id)
values(6,50)

insert into claseActividad(clase_id,actividad_id)
values(7,54)
insert into claseActividad(clase_id,actividad_id)
values(7,55)
insert into claseActividad(clase_id,actividad_id)
values(7,56)
insert into claseActividad(clase_id,actividad_id)
values(7,57)
insert into claseActividad(clase_id,actividad_id)
values(7,58)

select * from claseActividad

------------------------LLENANDO LA TABLA ESPECIALIDAD ACTIVIDAD---------------------------
--select * from EspecialidadActividad
--select id,nombre from especialidad
select * from actividad

select actividad_id from claseActividad 

insert into EspecialidadActividad(especialidad_id,actividad_id)
values(1,8)
insert into EspecialidadActividad(especialidad_id,actividad_id)
values(1,9)
insert into EspecialidadActividad(especialidad_id,actividad_id)
values(1,10)

insert into EspecialidadActividad(especialidad_id,actividad_id)
values(2,17)
insert into EspecialidadActividad(especialidad_id,actividad_id)
values(2,18)
insert into EspecialidadActividad(especialidad_id,actividad_id)
values(2,19)

insert into EspecialidadActividad(especialidad_id,actividad_id)
values(3,28)
insert into EspecialidadActividad(especialidad_id,actividad_id)
values(3,29)
insert into EspecialidadActividad(especialidad_id,actividad_id)
values(3,30)
insert into EspecialidadActividad(especialidad_id,actividad_id)
values(3,31)

insert into EspecialidadActividad(especialidad_id,actividad_id)
values(4,37)
insert into EspecialidadActividad(especialidad_id,actividad_id)
values(4,38)
insert into EspecialidadActividad(especialidad_id,actividad_id)
values(4,39)

insert into EspecialidadActividad(especialidad_id,actividad_id)
values(5,43)
insert into EspecialidadActividad(especialidad_id,actividad_id)
values(5,44)
insert into EspecialidadActividad(especialidad_id,actividad_id)
values(5,45)

insert into EspecialidadActividad(especialidad_id,actividad_id)
values(6,51)
insert into EspecialidadActividad(especialidad_id,actividad_id)
values(6,52)
insert into EspecialidadActividad(especialidad_id,actividad_id)
values(6,53)

insert into EspecialidadActividad(especialidad_id,actividad_id)
values(7,59)
insert into EspecialidadActividad(especialidad_id,actividad_id)
values(7,60)
insert into EspecialidadActividad(especialidad_id,actividad_id)
values(7,61)

select * from EspecialidadActividad

---------------------------LLENANDO LA TABLA OCUPACION-------------------------------
--select * from Ocupacion
insert into Ocupacion(Nombre)
values ('Desarrollador') 
insert into Ocupacion(Nombre)
values ('Desempleado') 
insert into Ocupacion(Nombre)
values ('Ama de casa')
insert into Ocupacion(Nombre)
values ('Administrador') 
insert into Ocupacion(Nombre)
values ('Contador')
insert into Ocupacion(Nombre)
values ('Gerente') 
insert into Ocupacion(Nombre)
values ('Maestro') 
insert into Ocupacion(Nombre)
values ('Recepcionista') 
insert into Ocupacion(Nombre)
values ('Mecanico') 
insert into Ocupacion(Nombre)
values ('Biologo')
insert into Ocupacion(Nombre)
values ('Médico Veterinario') 
insert into Ocupacion(Nombre)
values ('Médico general')
insert into Ocupacion(Nombre)
values ('Enfermería') 
insert into Ocupacion(Nombre)
values ('Técnico en informática') 
insert into Ocupacion(Nombre)
values ('Chef') 
insert into Ocupacion(Nombre)
values ('Diseño gráfico') 
insert into Ocupacion(Nombre)
values ('Ilustrador') 
insert into Ocupacion(Nombre)
values ('Músico') 
insert into Ocupacion(Nombre)
values ('Cajero') 
insert into Ocupacion(Nombre)
values ('Otro') 

select * from Ocupacion

---------------------------LLENANDO LA TABLA PADRE-------------------------------
--select * from padre
-- Esta la editó kelly --
--select * from Ocupacion
insert into padre(padre_id,Ocupacion_ID)
values(101,1)
insert into padre(padre_id,Ocupacion_ID)
values(102, 2)
insert into padre(padre_id,Ocupacion_ID)
values(103, 3)
insert into padre(padre_id,Ocupacion_ID)
values(104, 4)
insert into padre(padre_id,Ocupacion_ID)
values(105, 5)
insert into padre(padre_id,Ocupacion_ID)
values(106, 6)
insert into padre(padre_id,Ocupacion_ID)
values(107, 7)
insert into padre(padre_id,Ocupacion_ID)
values(108, 8)
insert into padre(padre_id,Ocupacion_ID)
values(109, 9)
insert into padre(padre_id,Ocupacion_ID)
values(110, 10)
insert into padre(padre_id,Ocupacion_ID)
values(111, 11)
insert into padre(padre_id,Ocupacion_ID)
values(112, 12)
insert into padre(padre_id,Ocupacion_ID)
values(113, 13)
insert into padre(padre_id,Ocupacion_ID)
values(114, 14)
insert into padre(padre_id,Ocupacion_ID)
values(115, 15)
insert into padre(padre_id,Ocupacion_ID)
values(116, 16)
insert into padre(padre_id,Ocupacion_ID)
values(117, 17)
insert into padre(padre_id,Ocupacion_ID)
values(118, 18)
insert into padre(padre_id,Ocupacion_ID)
values(119, 19)
insert into padre(padre_id,Ocupacion_ID)
values(120, 20)
insert into padre(padre_id,Ocupacion_ID)
values(121, 1)
insert into padre(padre_id,Ocupacion_ID)
values(122, 2)
insert into padre(padre_id,Ocupacion_ID)
values(123, 3)
insert into padre(padre_id,Ocupacion_ID)
values(124, 4)
insert into padre(padre_id,Ocupacion_ID)
values(125, 5)
insert into padre(padre_id,Ocupacion_ID)
values(126, 6)
insert into padre(padre_id,Ocupacion_ID)
values(127, 7)
insert into padre(padre_id,Ocupacion_ID)
values(128, 8)
insert into padre(padre_id,Ocupacion_ID)
values(129, 9)
insert into padre(padre_id,Ocupacion_ID)
values(130, 10)
insert into padre(padre_id,Ocupacion_ID)
values(131, 11)
insert into padre(padre_id,Ocupacion_ID)
values(132, 12)
insert into padre(padre_id,Ocupacion_ID)
values(133, 13)
insert into padre(padre_id,Ocupacion_ID)
values(134, 14)
insert into padre(padre_id,Ocupacion_ID)
values(135, 15)
insert into padre(padre_id,Ocupacion_ID)
values(136, 16)
insert into padre(padre_id,Ocupacion_ID)
values(137, 17)
insert into padre(padre_id,Ocupacion_ID)
values(138, 18)
insert into padre(padre_id,Ocupacion_ID)
values(139, 19)
insert into padre(padre_id,Ocupacion_ID)
values(140, 20)
insert into padre(padre_id,Ocupacion_ID)
values(141, 1)
insert into padre(padre_id,Ocupacion_ID)
values(142, 2)
insert into padre(padre_id,Ocupacion_ID)
values(143, 3)
insert into padre(padre_id,Ocupacion_ID)
values(144, 4)
insert into padre(padre_id,Ocupacion_ID)
values(145, 5)
insert into padre(padre_id,Ocupacion_ID)
values(146, 6)
insert into padre(padre_id,Ocupacion_ID)
values(147, 7)
insert into padre(padre_id,Ocupacion_ID)
values(148, 8)
insert into padre(padre_id,Ocupacion_ID)
values(149, 9)
insert into padre(padre_id,Ocupacion_ID)
values(150, 10)
insert into padre(padre_id,Ocupacion_ID)
values(151, 11)
insert into padre(padre_id,Ocupacion_ID)
values(152, 12)
insert into padre(padre_id,Ocupacion_ID)
values(153, 13)
insert into padre(padre_id,Ocupacion_ID)
values(154, 14)
insert into padre(padre_id,Ocupacion_ID)
values(155, 15)
insert into padre(padre_id,Ocupacion_ID)
values(156, 16)
insert into padre(padre_id,Ocupacion_ID)
values(157, 17)
insert into padre(padre_id,Ocupacion_ID)
values(158, 18)
insert into padre(padre_id,Ocupacion_ID)
values(159, 19)
insert into padre(padre_id,Ocupacion_ID)
values(160, 20)
insert into padre(padre_id,Ocupacion_ID)
values(161, 2)
insert into padre(padre_id,Ocupacion_ID)
values(162, 15)
insert into padre(padre_id,Ocupacion_ID)
values(163, 4)
insert into padre(padre_id,Ocupacion_ID)
values(164, 7)
insert into padre(padre_id,Ocupacion_ID)
values(165, 9)
insert into padre(padre_id,Ocupacion_ID)
values(166, 11)
insert into padre(padre_id,Ocupacion_ID)
values(167, 14)
insert into padre(padre_id,Ocupacion_ID)
values(168, 7)
insert into padre(padre_id,Ocupacion_ID)
values(169, 6)
insert into padre(padre_id,Ocupacion_ID)
values(170, 16)
insert into padre(padre_id,Ocupacion_ID)
values(171, 7)
insert into padre(padre_id,Ocupacion_ID)
values(172, 3)
insert into padre(padre_id,Ocupacion_ID)
values(173, 9)
insert into padre(padre_id,Ocupacion_ID)
values(174, 4)
insert into padre(padre_id,Ocupacion_ID)
values(175, 19)
insert into padre(padre_id,Ocupacion_ID)
values(176, 13)
insert into padre(padre_id,Ocupacion_ID)
values(177, 17)
insert into padre(padre_id,Ocupacion_ID)
values(178, 1)
insert into padre(padre_id,Ocupacion_ID)
values(179, 5)
insert into padre(padre_id,Ocupacion_ID)
values(180, 6)
insert into padre(padre_id,Ocupacion_ID)
values(181, 13)
insert into padre(padre_id,Ocupacion_ID)
values(182,  17)
insert into padre(padre_id,Ocupacion_ID)
values(183, 11)
insert into padre(padre_id,Ocupacion_ID)
values(184, 9)
insert into padre(padre_id,Ocupacion_ID)
values(185, 8)
insert into padre(padre_id,Ocupacion_ID)
values(186, 3)
insert into padre(padre_id,Ocupacion_ID)
values(187,1)
insert into padre(padre_id,Ocupacion_ID)
values(188, 7)
insert into padre(padre_id,Ocupacion_ID)
values(189, 18)
insert into padre(padre_id,Ocupacion_ID)
values(190, 6)
insert into padre(padre_id,Ocupacion_ID)
values(191, 3)
insert into padre(padre_id,Ocupacion_ID)
values(192, 4)
insert into padre(padre_id,Ocupacion_ID)
values(193, 20)
insert into padre(padre_id,Ocupacion_ID)
values(194, 20)
insert into padre(padre_id,Ocupacion_ID)
values(195, 7)
insert into padre(padre_id,Ocupacion_ID)
values(196, 4)
insert into padre(padre_id,Ocupacion_ID)
values(197, 15)
insert into padre(padre_id,Ocupacion_ID)
values(198, 4)
insert into padre(padre_id,Ocupacion_ID)
values(199,1)
insert into padre(padre_id,Ocupacion_ID)
values(200, 4)

select * from padre

-------------------------LLENANDO LA TABLA TELEFONO PADRE----------------------------
--select * from telefonoPadre
insert into telefonoPadre(padre_id,numero)
values(101,'6671803312')
insert into telefonoPadre(padre_id,numero)
values(102,'6677405321')
insert into telefonoPadre(padre_id,numero)
values(103,'6672415869')
insert into telefonoPadre(padre_id,numero)
values(104,'6711803356')
insert into telefonoPadre(padre_id,numero)
values(105,'6673458569')
insert into telefonoPadre(padre_id,numero)
values(106,'6674851247')
insert into telefonoPadre(padre_id,numero)
values(107,'6675198346')
insert into telefonoPadre(padre_id,numero)
values(108,'6666366666')
insert into telefonoPadre(padre_id,numero)
values(109,'6676123958')
insert into telefonoPadre(padre_id,numero)
values(110,'6677852498')
insert into telefonoPadre(padre_id,numero)
values(111,'6678963572')
insert into telefonoPadre(padre_id,numero)
values(112,'6671854935')
insert into telefonoPadre(padre_id,numero)
values(113,'6671854935')
insert into telefonoPadre(padre_id,numero)
values(114,'6671854935')
insert into telefonoPadre(padre_id,numero)
values(115,'6644781973')
insert into telefonoPadre(padre_id,numero)
values(116,'6644781973')
insert into telefonoPadre(padre_id,numero)
values(117,'6671854935')
insert into telefonoPadre(padre_id,numero)
values(118,'6677589998')
insert into telefonoPadre(padre_id,numero)
values(119,'6679598418')
insert into telefonoPadre(padre_id,numero)
values(120,'6671845696')
insert into telefonoPadre(padre_id,numero)
values(121,'6674895681')
insert into telefonoPadre(padre_id,numero)
values(122,'8978542652')
insert into telefonoPadre(padre_id,numero)
values(123,'6688968598')
insert into telefonoPadre(padre_id,numero)
values(124,'6612369854')
insert into telefonoPadre(padre_id,numero)
values(125,'1234567892')
insert into telefonoPadre(padre_id,numero)
values(126,'1122334455')
insert into telefonoPadre(padre_id,numero)
values(127,'6677238169')
insert into telefonoPadre(padre_id,numero)
values(128,'5123458569')
insert into telefonoPadre(padre_id,numero)
values(129,'4545684542')
insert into telefonoPadre(padre_id,numero)
values(130,'6689123678')
insert into telefonoPadre(padre_id,numero)
values(131,'6671804696')
insert into telefonoPadre(padre_id,numero)
values(132,'7766995581')
insert into telefonoPadre(padre_id,numero)
values(133,'6715364589')
insert into telefonoPadre(padre_id,numero)
values(134,'6685569631')
insert into telefonoPadre(padre_id,numero)
values(135,'6689637319')
insert into telefonoPadre(padre_id,numero)
values(136,'6677519998')
insert into telefonoPadre(padre_id,numero)
values(137,'6677586698')
insert into telefonoPadre(padre_id,numero)
values(138,'6677589994')
insert into telefonoPadre(padre_id,numero)
values(139,'6671589998')
insert into telefonoPadre(padre_id,numero)
values(140,'6577589998')
insert into telefonoPadre(padre_id,numero)
values(141,'6677530998')
insert into telefonoPadre(padre_id,numero)
values(142,'3696658912')
insert into telefonoPadre(padre_id,numero)
values(143,'6673658998')
insert into telefonoPadre(padre_id,numero)
values(144,'6677589998')
insert into telefonoPadre(padre_id,numero)
values(145,'6677589998')
insert into telefonoPadre(padre_id,numero)
values(146,'6677589998')
insert into telefonoPadre(padre_id,numero)
values(147,'6677589998')
insert into telefonoPadre(padre_id,numero)
values(148,'6677589998')
insert into telefonoPadre(padre_id,numero)
values(149,'6677589998')
insert into telefonoPadre(padre_id,numero)
values(150,'6677589998')
insert into telefonoPadre(padre_id,numero)
values(151,'6671803312')
insert into telefonoPadre(padre_id,numero)
values(152,'6677405321')
insert into telefonoPadre(padre_id,numero)
values(153,'6672415869')
insert into telefonoPadre(padre_id,numero)
values(154,'6711803356')
insert into telefonoPadre(padre_id,numero)
values(155,'6673458569')
insert into telefonoPadre(padre_id,numero)
values(156,'6674851247')
insert into telefonoPadre(padre_id,numero)
values(157,'6675198346')
insert into telefonoPadre(padre_id,numero)
values(158,'6666366666')
insert into telefonoPadre(padre_id,numero)
values(159,'6676123958')
insert into telefonoPadre(padre_id,numero)
values(160,'6671803312')
insert into telefonoPadre(padre_id,numero)
values(161,'6678963572')
insert into telefonoPadre(padre_id,numero)
values(162,'6671854935')
insert into telefonoPadre(padre_id,numero)
values(163,'6671854935')
insert into telefonoPadre(padre_id,numero)
values(164,'6671854935')
insert into telefonoPadre(padre_id,numero)
values(165,'6644781973')
insert into telefonoPadre(padre_id,numero)
values(166,'6671854935')
insert into telefonoPadre(padre_id,numero)
values(167,'6677589998')
insert into telefonoPadre(padre_id,numero)
values(168,'6677589998')
insert into telefonoPadre(padre_id,numero)
values(169,'6677589998')
insert into telefonoPadre(padre_id,numero)
values(170,'6677589998')
insert into telefonoPadre(padre_id,numero)
values(171,'6677589998')
insert into telefonoPadre(padre_id,numero)
values(172,'6677589998')
insert into telefonoPadre(padre_id,numero)
values(173,'6677589998')
insert into telefonoPadre(padre_id,numero)
values(174,'6677589998')
insert into telefonoPadre(padre_id,numero)
values(175,'6677589998')
insert into telefonoPadre(padre_id,numero)
values(176,'6677589998')
insert into telefonoPadre(padre_id,numero)
values(177,'6677589998')
insert into telefonoPadre(padre_id,numero)
values(178,'6677589998')
insert into telefonoPadre(padre_id,numero)
values(179,'6677589998')
insert into telefonoPadre(padre_id,numero)
values(180,'6677589998')
insert into telefonoPadre(padre_id,numero)
values(181,'6677589998')
insert into telefonoPadre(padre_id,numero)
values(182,'6677589998')
insert into telefonoPadre(padre_id,numero)
values(183,'6677589998')
insert into telefonoPadre(padre_id,numero)
values(184,'6677589998')
insert into telefonoPadre(padre_id,numero)
values(185,'6677589998')
insert into telefonoPadre(padre_id,numero)
values(186,'6677589998')
insert into telefonoPadre(padre_id,numero)
values(187,'6677589998')
insert into telefonoPadre(padre_id,numero)
values(188,'6677589998')
insert into telefonoPadre(padre_id,numero)
values(189,'6677589998')
insert into telefonoPadre(padre_id,numero)
values(190,'6677589998')
insert into telefonoPadre(padre_id,numero)
values(191,'6677589998')
insert into telefonoPadre(padre_id,numero)
values(192,'6677589998')
insert into telefonoPadre(padre_id,numero)
values(193,'6677589998')
insert into telefonoPadre(padre_id,numero)
values(194,'6677589998')
insert into telefonoPadre(padre_id,numero)
values(195,'6677589998')
insert into telefonoPadre(padre_id,numero)
values(196,'6677589998')
insert into telefonoPadre(padre_id,numero)
values(197,'6677589998')
insert into telefonoPadre(padre_id,numero)
values(198,'6677589998')
insert into telefonoPadre(padre_id,numero)
values(199,'6677589998')
insert into telefonoPadre(padre_id,numero)
values(200,'6677589998')

select * from telefonoPadre

---------------------------LLENANDO LA TABLA NIÑO-------------------------------
--select * from niño
--select id,nombre from persona where id > 200
--select id from padre
--select * from clase
insert into nino(nino_id,estatura,peso,padre_id,fecha_nacimiento)
values(201,148,43,101,'07/14/2008')
insert into nino(nino_id,estatura,peso,padre_id,fecha_nacimiento)
values(202,152,56,102,'05/16/2007')
insert into nino(nino_id,estatura,peso,padre_id,fecha_nacimiento)
values(203,149,45,103,'05/16/2006')
insert into nino(nino_id,estatura,peso,padre_id,fecha_nacimiento)
values(204,150,53,104,'12/25/2005')
insert into nino(nino_id,estatura,peso,padre_id,fecha_nacimiento)
values(205,169,68,105,'02/23/2004')
insert into nino(nino_id,estatura,peso,padre_id,fecha_nacimiento)
values(206,172,79,106,'11/03/2003')
insert into nino(nino_id,estatura,peso,padre_id,fecha_nacimiento)
values(207,142,46,107,'04/10/2002')
insert into nino(nino_id,estatura,peso,padre_id,fecha_nacimiento)
values(208,150,49,108,'10/02/2008')
insert into nino(nino_id,estatura,peso,padre_id,fecha_nacimiento)
values(209,153,58,109,'06/11/2007')
insert into nino(nino_id,estatura,peso,padre_id,fecha_nacimiento)
values(210,140,43,110,'05/19/2006')
insert into nino(nino_id,estatura,peso,padre_id,fecha_nacimiento)
values(211,153,51,111,'01/22/2005')
insert into nino(nino_id,estatura,peso,padre_id,fecha_nacimiento)
values(212,146,50,112,'09/11/2004')
insert into nino(nino_id,estatura,peso,padre_id,fecha_nacimiento)
values(213,180,75,113,'07/19/2003')
insert into nino(nino_id,estatura,peso,padre_id,fecha_nacimiento)
values(214,176,60,114,'06/08/2002')
insert into nino(nino_id,estatura,peso,padre_id,fecha_nacimiento)
values(215,152,49,115,'02/23/2008')
insert into nino(nino_id,estatura,peso,padre_id,fecha_nacimiento)
values(216,172,58,116,'10/02/2007')
insert into nino(nino_id,estatura,peso,padre_id,fecha_nacimiento)
values(217,160,43,117,'01/30/2006')
insert into nino(nino_id,estatura,peso,padre_id,fecha_nacimiento)
values(218,152,59,118,'08/25/2005')
insert into nino(nino_id,estatura,peso,padre_id,fecha_nacimiento)
values(219,181,73,119,'04/12/2004')
insert into nino(nino_id,estatura,peso,padre_id,fecha_nacimiento)
values(220,175,61,120,'10/30/2003')
insert into nino(nino_id,estatura,peso,padre_id,fecha_nacimiento)
values(221,150,49,121,'06/03/2002')
insert into nino(nino_id,estatura,peso,padre_id,fecha_nacimiento)
values(222,164,55,122,'02/28/2008')
insert into nino(nino_id,estatura,peso,padre_id,fecha_nacimiento)
values(223,150,49,123,'11/19/2007')
insert into nino(nino_id,estatura,peso,padre_id,fecha_nacimiento)
values(224,155,55,124,'06/03/2006')
insert into nino(nino_id,estatura,peso,padre_id,fecha_nacimiento)
values(225,142,48,125,'08/26/2005')
insert into nino(nino_id,estatura,peso,padre_id,fecha_nacimiento)
values(226,152,59,126,'12/06/2004')
insert into nino(nino_id,estatura,peso,padre_id,fecha_nacimiento)
values(227,160,57,127,'02/12/2003')
insert into nino(nino_id,estatura,peso,padre_id,fecha_nacimiento)
values(228,164,55,128,'04/03/2002')
insert into nino(nino_id,estatura,peso,padre_id,fecha_nacimiento)
values(229,153,56,129,'10/28/2008')
insert into nino(nino_id,estatura,peso,padre_id,fecha_nacimiento)
values(230,154,61,130,'01/13/2007')
insert into nino(nino_id,estatura,peso,padre_id,fecha_nacimiento)
values(231,153,61,131,'06/23/2006')
insert into nino(nino_id,estatura,peso,padre_id,fecha_nacimiento)
values(232,168,46,132,'11/17/2005')
insert into nino(nino_id,estatura,peso,padre_id,fecha_nacimiento)
values(233,171,66,133,'02/21/2004')
insert into nino(nino_id,estatura,peso,padre_id,fecha_nacimiento)
values(234,177,52,134,'12/13/2003')
insert into nino(nino_id,estatura,peso,padre_id,fecha_nacimiento)
values(235,166,55,135,'05/14/2002')
insert into nino(nino_id,estatura,peso,padre_id,fecha_nacimiento)
values(236,159,63,136,'09/23/2008')
insert into nino(nino_id,estatura,peso,padre_id,fecha_nacimiento)
values(237,182,45,137,'07/05/2007')
insert into nino(nino_id,estatura,peso,padre_id,fecha_nacimiento)
values(238,155,66,138,'10/24/2006')
insert into nino(nino_id,estatura,peso,padre_id,fecha_nacimiento)
values(239,165,61,139,'02/01/2005')
insert into nino(nino_id,estatura,peso,padre_id,fecha_nacimiento)
values(240,163,57,140,'04/28/2004')
insert into nino(nino_id,estatura,peso,padre_id,fecha_nacimiento)
values(241,158,67,141,'11/03/2003')
insert into nino(nino_id,estatura,peso,padre_id,fecha_nacimiento)
values(242,167,59,142,'05/21/2002')
insert into nino(nino_id,estatura,peso,padre_id,fecha_nacimiento)
values(243,150,60,143,'01/26/2008')
insert into nino(nino_id,estatura,peso,padre_id,fecha_nacimiento)
values(244,168,50,144,'03/10/2007')
insert into nino(nino_id,estatura,peso,padre_id,fecha_nacimiento)
values(245,165,63,145,'12/08/2006')
insert into nino(nino_id,estatura,peso,padre_id,fecha_nacimiento)
values(246,171,52,146,'09/03/2005')
insert into nino(nino_id,estatura,peso,padre_id,fecha_nacimiento)
values(247,169,46,147,'05/29/2004')
insert into nino(nino_id,estatura,peso,padre_id,fecha_nacimiento)
values(248,164,50,148,'07/13/2003')
insert into nino(nino_id,estatura,peso,padre_id,fecha_nacimiento)
values(249,157,66,149,'04/01/2002')
insert into nino(nino_id,estatura,peso,padre_id,fecha_nacimiento)
values(250,159,61,150,'10/25/2008')
insert into nino(nino_id,estatura,peso,padre_id,fecha_nacimiento)
values(251,163,46,151,'08/29/2007')
insert into nino(nino_id,estatura,peso,padre_id,fecha_nacimiento)
values(252,181,64,152,'06/14/2006')
insert into nino(nino_id,estatura,peso,padre_id,fecha_nacimiento)
values(253,150,60,153,'12/29/2005')
insert into nino(nino_id,estatura,peso,padre_id,fecha_nacimiento)
values(254,179,48,154,'02/14/2004')
insert into nino(nino_id,estatura,peso,padre_id,fecha_nacimiento)
values(255,149,68,155,'09/04/2003')
insert into nino(nino_id,estatura,peso,padre_id,fecha_nacimiento)
values(256,156,65,156,'07/26/2002')
insert into nino(nino_id,estatura,peso,padre_id,fecha_nacimiento)
values(257,168,62,157,'01/16/2008')
insert into nino(nino_id,estatura,peso,padre_id,fecha_nacimiento)
values(258,175,67,158,'09/23/2007')
insert into nino(nino_id,estatura,peso,padre_id,fecha_nacimiento)
values(259,174,51,159,'12/03/2006')
insert into nino(nino_id,estatura,peso,padre_id,fecha_nacimiento)
values(260,164,60,160,'06/27/2005')
insert into nino(nino_id,estatura,peso,padre_id,fecha_nacimiento)
values(261,170,47,161,'04/13/2004')
insert into nino(nino_id,estatura,peso,padre_id,fecha_nacimiento)
values(262,160,68,162,'05/01/2003')
insert into nino(nino_id,estatura,peso,padre_id,fecha_nacimiento)
values(263,175,43,163,'02/25/2002')
insert into nino(nino_id,estatura,peso,padre_id,fecha_nacimiento)
values(264,161,48,164,'01/16/2008')
insert into nino(nino_id,estatura,peso,padre_id,fecha_nacimiento)
values(265,174,58,165,'08/29/2007')
insert into nino(nino_id,estatura,peso,padre_id,fecha_nacimiento)
values(266,156,55,166,'07/11/2006')
insert into nino(nino_id,estatura,peso,padre_id,fecha_nacimiento)
values(267,175,64,167,'04/10/2005')
insert into nino(nino_id,estatura,peso,padre_id,fecha_nacimiento)
values(268,177,44,168,'02/16/2004')
insert into nino(nino_id,estatura,peso,padre_id,fecha_nacimiento)
values(269,160,48,169,'05/26/2003')
insert into nino(nino_id,estatura,peso,padre_id,fecha_nacimiento)
values(270,175,60,170,'04/09/2002')
insert into nino(nino_id,estatura,peso,padre_id,fecha_nacimiento)
values(271,181,50,171,'07/28/2008')
insert into nino(nino_id,estatura,peso,padre_id,fecha_nacimiento)
values(272,149,55,172,'08/13/2007')
insert into nino(nino_id,estatura,peso,padre_id,fecha_nacimiento)
values(273,173,52,173,'09/15/2006')
insert into nino(nino_id,estatura,peso,padre_id,fecha_nacimiento)
values(274,163,56,174,'06/30/2005')
insert into nino(nino_id,estatura,peso,padre_id,fecha_nacimiento)
values(275,176,62,175,'06/10/2004')
insert into nino(nino_id,estatura,peso,padre_id,fecha_nacimiento)
values(276,163,46,176,'04/16/2003')
insert into nino(nino_id,estatura,peso,padre_id,fecha_nacimiento)
values(277,163,59,177,'01/07/2002')
insert into nino(nino_id,estatura,peso,padre_id,fecha_nacimiento)
values(278,154,56,178,'11/13/2008')
insert into nino(nino_id,estatura,peso,padre_id,fecha_nacimiento)
values(279,155,45,179,'06/25/2007')
insert into nino(nino_id,estatura,peso,padre_id,fecha_nacimiento)
values(280,174,47,180,'05/19/2006')
insert into nino(nino_id,estatura,peso,padre_id,fecha_nacimiento)
values(281,157,65,181,'11/28/2005')
insert into nino(nino_id,estatura,peso,padre_id,fecha_nacimiento)
values(282,153,63,182,'07/13/2004')
insert into nino(nino_id,estatura,peso,padre_id,fecha_nacimiento)
values(283,162,67,183,'09/17/2003')
insert into nino(nino_id,estatura,peso,padre_id,fecha_nacimiento)
values(284,164,58,184,'05/03/2002')
insert into nino(nino_id,estatura,peso,padre_id,fecha_nacimiento)
values(285,159,50,185,'06/13/2008')
insert into nino(nino_id,estatura,peso,padre_id,fecha_nacimiento)
values(286,176,53,186,'07/26/2007')
insert into nino(nino_id,estatura,peso,padre_id,fecha_nacimiento)
values(287,164,56,187,'12/24/2006')
insert into nino(nino_id,estatura,peso,padre_id,fecha_nacimiento)
values(288,174,54,188,'10/22/2005')
insert into nino(nino_id,estatura,peso,padre_id,fecha_nacimiento)
values(289,153,50,189,'10/08/2004')
insert into nino(nino_id,estatura,peso,padre_id,fecha_nacimiento)
values(290,150,59,190,'04/09/2003')
insert into nino(nino_id,estatura,peso,padre_id,fecha_nacimiento)
values(291,158,45,191,'05/01/2002')
insert into nino(nino_id,estatura,peso,padre_id,fecha_nacimiento)
values(292,150,44,192,'07/12/2008')
insert into nino(nino_id,estatura,peso,padre_id,fecha_nacimiento)
values(293,168,45,193,'08/31/2007')
insert into nino(nino_id,estatura,peso,padre_id,fecha_nacimiento)
values(294,168,43,194,'12/17/2006')
insert into nino(nino_id,estatura,peso,padre_id,fecha_nacimiento)
values(295,180,48,195,'05/29/2005')
insert into nino(nino_id,estatura,peso,padre_id,fecha_nacimiento)
values(296,167,47,196,'04/30/2004')
insert into nino(nino_id,estatura,peso,padre_id,fecha_nacimiento)
values(297,169,44,197,'11/10/2003')
insert into nino(nino_id,estatura,peso,padre_id,fecha_nacimiento)
values(298,160,51,198,'06/25/2002')
insert into nino(nino_id,estatura,peso,padre_id,fecha_nacimiento)
values(299,160,55,199,'10/03/2008')
insert into nino(nino_id,estatura,peso,padre_id,fecha_nacimiento)
values(300,166,54,200,'07/13/2007')

select * from nino

--------------------------LLENANDO LA TABLA ALERGIA NIÑO-------------------------------
--select * from alergiaNino
--select * from nino
--select * from alergia

--1--
insert into alergiaNino(nino_id,alergia_id)
values(201, 1)
insert into alergiaNino(nino_id,alergia_id)
values(202, 6)
insert into alergiaNino(nino_id,alergia_id)
values(203, 8)
insert into alergiaNino(nino_id,alergia_id)
values(203, 2)
insert into alergiaNino(nino_id,alergia_id)
values(204, 5)
insert into alergiaNino(nino_id,alergia_id)
values(208, 12)
insert into alergiaNino(nino_id,alergia_id)
values(208, 10)
insert into alergiaNino(nino_id,alergia_id)
values(208, 6)
insert into alergiaNino(nino_id,alergia_id)
values(211, 2)
insert into alergiaNino(nino_id,alergia_id)
values(211, 3)
--2--
insert into alergiaNino(nino_id,alergia_id)
values(211, 5)
insert into alergiaNino(nino_id,alergia_id)
values(211, 12)
insert into alergiaNino(nino_id,alergia_id)
values(215, 4)
insert into alergiaNino(nino_id,alergia_id)
values(216, 3)
insert into alergiaNino(nino_id,alergia_id)
values(217, 8)
insert into alergiaNino(nino_id,alergia_id)
values(221, 9)
insert into alergiaNino(nino_id,alergia_id)
values(221, 10)
insert into alergiaNino(nino_id,alergia_id)
values(221, 11)
insert into alergiaNino(nino_id,alergia_id)
values(221, 12)
insert into alergiaNino(nino_id,alergia_id)
values(222, 1)
--3--
insert into alergiaNino(nino_id,alergia_id)
values(223, 2)
insert into alergiaNino(nino_id,alergia_id)
values(224, 4)
insert into alergiaNino(nino_id,alergia_id)
values(225, 6)
insert into alergiaNino(nino_id,alergia_id)
values(226, 8)
insert into alergiaNino(nino_id,alergia_id)
values(226,  7)
insert into alergiaNino(nino_id,alergia_id)
values(227, 4)
insert into alergiaNino(nino_id,alergia_id)
values(228, 2)
insert into alergiaNino(nino_id,alergia_id)
values(229, 2)
insert into alergiaNino(nino_id,alergia_id)
values(229, 5)
insert into alergiaNino(nino_id,alergia_id)
values(229, 8)
--4--
insert into alergiaNino(nino_id,alergia_id)
values(230, 2)
insert into alergiaNino(nino_id,alergia_id)
values(232, 4)
insert into alergiaNino(nino_id,alergia_id)
values(235, 6)
insert into alergiaNino(nino_id,alergia_id)
values(235, 8)
insert into alergiaNino(nino_id,alergia_id)
values(235,  7)
insert into alergiaNino(nino_id,alergia_id)
values(237, 4)
insert into alergiaNino(nino_id,alergia_id)
values(238, 1)
insert into alergiaNino(nino_id,alergia_id)
values(239, 1)
insert into alergiaNino(nino_id,alergia_id)
values(239, 5)
insert into alergiaNino(nino_id,alergia_id)
values(239, 10)
--5--
insert into alergiaNino(nino_id,alergia_id)
values(240, 5)
insert into alergiaNino(nino_id,alergia_id)
values(240, 12)
insert into alergiaNino(nino_id,alergia_id)
values(240, 4)
insert into alergiaNino(nino_id,alergia_id)
values(241, 3)
insert into alergiaNino(nino_id,alergia_id)
values(243, 10)
insert into alergiaNino(nino_id,alergia_id)
values(244, 11)
insert into alergiaNino(nino_id,alergia_id)
values(244, 9)
insert into alergiaNino(nino_id,alergia_id)
values(245, 2)
insert into alergiaNino(nino_id,alergia_id)
values(250, 12)
insert into alergiaNino(nino_id,alergia_id)
values(250, 1)
--6--
insert into alergiaNino(nino_id,alergia_id)
values(251, 1)
insert into alergiaNino(nino_id,alergia_id)
values(252, 3)
insert into alergiaNino(nino_id,alergia_id)
values(253, 10)
insert into alergiaNino(nino_id,alergia_id)
values(254, 2)
insert into alergiaNino(nino_id,alergia_id)
values(254, 12)
insert into alergiaNino(nino_id,alergia_id)
values(255,  7)
insert into alergiaNino(nino_id,alergia_id)
values(256, 6)
insert into alergiaNino(nino_id,alergia_id)
values(257, 1)
insert into alergiaNino(nino_id,alergia_id)
values(258, 2)
insert into alergiaNino(nino_id,alergia_id)
values(259, 3)
--7--
insert into alergiaNino(nino_id,alergia_id)
values(260, 1)
insert into alergiaNino(nino_id,alergia_id)
values(265, 6)
insert into alergiaNino(nino_id,alergia_id)
values(265, 3)
insert into alergiaNino(nino_id,alergia_id)
values(265, 9)
insert into alergiaNino(nino_id,alergia_id)
values(265,  5)
insert into alergiaNino(nino_id,alergia_id)
values(267, 4)
insert into alergiaNino(nino_id,alergia_id)
values(269, 1)
insert into alergiaNino(nino_id,alergia_id)
values(270, 10)
insert into alergiaNino(nino_id,alergia_id)
values(270, 11)
insert into alergiaNino(nino_id,alergia_id)
values(270, 12)
--8--
insert into alergiaNino(nino_id,alergia_id)
values(271, 4)
insert into alergiaNino(nino_id,alergia_id)
values(275, 12)
insert into alergiaNino(nino_id,alergia_id)
values(276, 11)
insert into alergiaNino(nino_id,alergia_id)
values(278, 2)
insert into alergiaNino(nino_id,alergia_id)
values(279, 7)
insert into alergiaNino(nino_id,alergia_id)
values(279, 3)
insert into alergiaNino(nino_id,alergia_id)
values(279, 4)
insert into alergiaNino(nino_id,alergia_id)
values(280, 2)
insert into alergiaNino(nino_id,alergia_id)
values(281, 1)
--9--
insert into alergiaNino(nino_id,alergia_id)
values(282, 2)
insert into alergiaNino(nino_id,alergia_id)
values(282, 6)
insert into alergiaNino(nino_id,alergia_id)
values(282, 8)
insert into alergiaNino(nino_id,alergia_id)
values(282, 10)
insert into alergiaNino(nino_id,alergia_id)
values(282, 12)
insert into alergiaNino(nino_id,alergia_id)
values(282, 3)
insert into alergiaNino(nino_id,alergia_id)
values(282, 1)
insert into alergiaNino(nino_id,alergia_id)
values(283, 5)
insert into alergiaNino(nino_id,alergia_id)
values(284, 7)
insert into alergiaNino(nino_id,alergia_id)
values(284, 3)
--10--
insert into alergiaNino(nino_id,alergia_id)
values(290, 5)
insert into alergiaNino(nino_id,alergia_id)
values(291, 12)
insert into alergiaNino(nino_id,alergia_id)
values(292, 4)
insert into alergiaNino(nino_id,alergia_id)
values(292, 3)
insert into alergiaNino(nino_id,alergia_id)
values(292, 8)
insert into alergiaNino(nino_id,alergia_id)
values(295, 9)
insert into alergiaNino(nino_id,alergia_id)
values(296, 10)
insert into alergiaNino(nino_id,alergia_id)
values(300, 11)
insert into alergiaNino(nino_id,alergia_id)
values(300, 12)
insert into alergiaNino(nino_id,alergia_id)
values(300, 1)

select * from alergiaNino

---------------------------LLENANDO LA TABLA REUNION -------------------------------
--select * from Reunion
insert into Reunion(Fecha,Cuota)
values('11/01/2017',150)
insert into Reunion(Fecha,Cuota)
values('11/15/2017',150)
insert into Reunion(Fecha,Cuota)
values('12/01/2017',150)
insert into Reunion(Fecha,Cuota)
values('12/15/2017',150)
insert into Reunion(Fecha,Cuota)
values('01/01/2018',150)
insert into Reunion(Fecha,Cuota)
values('01/15/2018',150)
insert into Reunion(Fecha,Cuota)
values('02/01/2018',150)
insert into Reunion(Fecha,Cuota)
values('02/15/2018',150)
insert into Reunion(Fecha,Cuota)
values('03/01/2018',150)
insert into Reunion(Fecha,Cuota)
values('03/15/2018',150)
insert into Reunion(Fecha,Cuota)
values('04/01/2018',150)
insert into Reunion(Fecha,Cuota)
values('04/15/2018',150)
insert into Reunion(Fecha,Cuota)
values('05/01/2018',150)
insert into Reunion(Fecha,Cuota)
values('05/15/2018',150)
insert into Reunion(Fecha,Cuota)
values('06/01/2018',150)
insert into Reunion(Fecha,Cuota)
values('06/15/2018',150)
insert into Reunion(Fecha,Cuota)
values('07/01/2018',150)
insert into Reunion(Fecha,Cuota)
values('07/15/2018',150)
insert into Reunion(Fecha,Cuota)
values('08/01/2018',150)
insert into Reunion(Fecha,Cuota)
values('10/01/2018',150)

select * from Reunion

---------------------------LLENANDO LA TABLA PULCRITUD-------------------------------
--select * from Pulcritud
insert into Pulcritud(Nombre)
values('Bueno')
insert into Pulcritud(Nombre)
values('Malo')
insert into Pulcritud(Nombre)
values('Regular')
select * from Pulcritud

---------------------------LLENANDO LA TABLA PAGO CUOTA--------------------------
--select * from PagoCuota
select * from Reunion
insert into PagoCuota(nino_id,reunion_id,FechaPago,Cantidad)
values(201,1,'11/01/2017',150)
insert into PagoCuota(nino_id,reunion_id,FechaPago,Cantidad)
values(202,2,'11/15/2017',150)
insert into PagoCuota(nino_id,reunion_id,FechaPago,Cantidad)
values(203,3,'12/01/2017',150)
insert into PagoCuota(nino_id,reunion_id,FechaPago,Cantidad)
values(204,4,'12/15/2017',150)
insert into PagoCuota(nino_id,reunion_id,FechaPago,Cantidad)
values(205,5,'01/01/2018',150)
insert into PagoCuota(nino_id,reunion_id,FechaPago,Cantidad)
values(206,6,'01/15/2018',150)
insert into PagoCuota(nino_id,reunion_id,FechaPago,Cantidad)
values(207,7,'02/01/2018',150)
insert into PagoCuota(nino_id,reunion_id,FechaPago,Cantidad)
values(208,8,'02/15/2018',150)
insert into PagoCuota(nino_id,reunion_id,FechaPago,Cantidad)
values(209,9,'03/01/2018',150)
insert into PagoCuota(nino_id,reunion_id,FechaPago,Cantidad)
values(210,10,'03/15/2018',150)
insert into PagoCuota(nino_id,reunion_id,FechaPago,Cantidad)
values(211,11,'04/01/2018',150)
insert into PagoCuota(nino_id,reunion_id,FechaPago,Cantidad)
values(212,12,'04/15/2018',150)
insert into PagoCuota(nino_id,reunion_id,FechaPago,Cantidad)
values(213,13,'05/01/2018',150)
insert into PagoCuota(nino_id,reunion_id,FechaPago,Cantidad)
values(214,14,'05/15/2018',150)
insert into PagoCuota(nino_id,reunion_id,FechaPago,Cantidad)
values(215,15,'06/01/2018',150)
insert into PagoCuota(nino_id,reunion_id,FechaPago,Cantidad)
values(216,16,'06/15/2018',150)
insert into PagoCuota(nino_id,reunion_id,FechaPago,Cantidad)
values(217,17,'07/01/2018',150)
insert into PagoCuota(nino_id,reunion_id,FechaPago,Cantidad)
values(218,18,'07/15/2018',150)
insert into PagoCuota(nino_id,reunion_id,FechaPago,Cantidad)
values(219,19,'08/01/2018',150)
insert into PagoCuota(nino_id,reunion_id,FechaPago,Cantidad)
values(220,20,'10/01/2018',150)
insert into PagoCuota(nino_id,reunion_id,FechaPago,Cantidad)
values(221,1,'11/01/2017',150)
insert into PagoCuota(nino_id,reunion_id,FechaPago,Cantidad)
values(222,2,'11/15/2017',150)
insert into PagoCuota(nino_id,reunion_id,FechaPago,Cantidad)
values(223,3,'12/01/2017',150)
insert into PagoCuota(nino_id,reunion_id,FechaPago,Cantidad)
values(224,4,'12/15/2017',150)
insert into PagoCuota(nino_id,reunion_id,FechaPago,Cantidad)
values(225,5,'01/01/2018',150)
insert into PagoCuota(nino_id,reunion_id,FechaPago,Cantidad)
values(226,6,'01/15/2018',150)
insert into PagoCuota(nino_id,reunion_id,FechaPago,Cantidad)
values(227,7,'02/01/2018',150)
insert into PagoCuota(nino_id,reunion_id,FechaPago,Cantidad)
values(228,8,'02/15/2018',150)
insert into PagoCuota(nino_id,reunion_id,FechaPago,Cantidad)
values(229,9,'03/01/2018',150)
insert into PagoCuota(nino_id,reunion_id,FechaPago,Cantidad)
values(230,10,'03/15/2018',150)
insert into PagoCuota(nino_id,reunion_id,FechaPago,Cantidad)
values(231,11,'04/01/2018',150)
insert into PagoCuota(nino_id,reunion_id,FechaPago,Cantidad)
values(232,12,'04/15/2018',150)
insert into PagoCuota(nino_id,reunion_id,FechaPago,Cantidad)
values(233,13,'05/01/2018',150)
insert into PagoCuota(nino_id,reunion_id,FechaPago,Cantidad)
values(234,14,'05/15/2018',150)
insert into PagoCuota(nino_id,reunion_id,FechaPago,Cantidad)
values(235,15,'06/01/2018',150)
insert into PagoCuota(nino_id,reunion_id,FechaPago,Cantidad)
values(236,16,'06/15/2018',150)
insert into PagoCuota(nino_id,reunion_id,FechaPago,Cantidad)
values(237,17,'07/01/2018',150)
insert into PagoCuota(nino_id,reunion_id,FechaPago,Cantidad)
values(238,18,'07/15/2018',150)
insert into PagoCuota(nino_id,reunion_id,FechaPago,Cantidad)
values(239,19,'08/01/2018',150)
insert into PagoCuota(nino_id,reunion_id,FechaPago,Cantidad)
values(240,20,'10/01/2018',150)
insert into PagoCuota(nino_id,reunion_id,FechaPago,Cantidad)
values(241,1,'11/01/2017',150)
insert into PagoCuota(nino_id,reunion_id,FechaPago,Cantidad)
values(242,2,'11/15/2017',150)
insert into PagoCuota(nino_id,reunion_id,FechaPago,Cantidad)
values(243,3,'12/01/2017',150)
insert into PagoCuota(nino_id,reunion_id,FechaPago,Cantidad)
values(244,4,'12/15/2017',150)
insert into PagoCuota(nino_id,reunion_id,FechaPago,Cantidad)
values(245,5,'01/01/2018',150)
insert into PagoCuota(nino_id,reunion_id,FechaPago,Cantidad)
values(246,6,'01/15/2018',150)
insert into PagoCuota(nino_id,reunion_id,FechaPago,Cantidad)
values(247,7,'02/01/2018',150)
insert into PagoCuota(nino_id,reunion_id,FechaPago,Cantidad)
values(248,8,'02/15/2018',150)
insert into PagoCuota(nino_id,reunion_id,FechaPago,Cantidad)
values(249,9,'03/01/2018',150)
insert into PagoCuota(nino_id,reunion_id,FechaPago,Cantidad)
values(250,10,'03/15/2018',150)
insert into PagoCuota(nino_id,reunion_id,FechaPago,Cantidad)
values(251,11,'04/01/2018',150)
insert into PagoCuota(nino_id,reunion_id,FechaPago,Cantidad)
values(252,12,'04/15/2018',150)
insert into PagoCuota(nino_id,reunion_id,FechaPago,Cantidad)
values(253,13,'05/01/2018',150)
insert into PagoCuota(nino_id,reunion_id,FechaPago,Cantidad)
values(254,14,'05/15/2018',150)
insert into PagoCuota(nino_id,reunion_id,FechaPago,Cantidad)
values(255,15,'06/01/2018',150)
insert into PagoCuota(nino_id,reunion_id,FechaPago,Cantidad)
values(256,16,'06/15/2018',150)
insert into PagoCuota(nino_id,reunion_id,FechaPago,Cantidad)
values(257,17,'07/01/2018',150)
insert into PagoCuota(nino_id,reunion_id,FechaPago,Cantidad)
values(258,18,'07/15/2018',150)
insert into PagoCuota(nino_id,reunion_id,FechaPago,Cantidad)
values(259,19,'08/01/2018',150)
insert into PagoCuota(nino_id,reunion_id,FechaPago,Cantidad)
values(260,20,'10/01/2018',150)
insert into PagoCuota(nino_id,reunion_id,FechaPago,Cantidad)
values(261,1,'11/01/2017',150)
insert into PagoCuota(nino_id,reunion_id,FechaPago,Cantidad)
values(262,2,'11/15/2017',150)
insert into PagoCuota(nino_id,reunion_id,FechaPago,Cantidad)
values(263,3,'12/01/2017',150)
insert into PagoCuota(nino_id,reunion_id,FechaPago,Cantidad)
values(264,4,'12/15/2017',150)
insert into PagoCuota(nino_id,reunion_id,FechaPago,Cantidad)
values(265,5,'01/01/2018',150)
insert into PagoCuota(nino_id,reunion_id,FechaPago,Cantidad)
values(266,6,'01/15/2018',150)
insert into PagoCuota(nino_id,reunion_id,FechaPago,Cantidad)
values(267,7,'02/01/2018',150)
insert into PagoCuota(nino_id,reunion_id,FechaPago,Cantidad)
values(268,8,'02/15/2018',150)
insert into PagoCuota(nino_id,reunion_id,FechaPago,Cantidad)
values(269,9,'03/01/2018',150)
insert into PagoCuota(nino_id,reunion_id,FechaPago,Cantidad)
values(270,10,'03/15/2018',150)
insert into PagoCuota(nino_id,reunion_id,FechaPago,Cantidad)
values(271,11,'04/01/2018',150)
insert into PagoCuota(nino_id,reunion_id,FechaPago,Cantidad)
values(272,12,'04/15/2018',150)
insert into PagoCuota(nino_id,reunion_id,FechaPago,Cantidad)
values(273,13,'05/01/2018',150)
insert into PagoCuota(nino_id,reunion_id,FechaPago,Cantidad)
values(274,14,'05/15/2018',150)
insert into PagoCuota(nino_id,reunion_id,FechaPago,Cantidad)
values(275,15,'06/01/2018',150)
insert into PagoCuota(nino_id,reunion_id,FechaPago,Cantidad)
values(276,16,'06/15/2018',150)
insert into PagoCuota(nino_id,reunion_id,FechaPago,Cantidad)
values(277,17,'07/01/2018',150)
insert into PagoCuota(nino_id,reunion_id,FechaPago,Cantidad)
values(278,18,'07/15/2018',150)
insert into PagoCuota(nino_id,reunion_id,FechaPago,Cantidad)
values(279,19,'08/01/2018',150)
insert into PagoCuota(nino_id,reunion_id,FechaPago,Cantidad)
values(280,20,'10/01/2018',150)
insert into PagoCuota(nino_id,reunion_id,FechaPago,Cantidad)
values(281,1,'11/01/2017',150)
insert into PagoCuota(nino_id,reunion_id,FechaPago,Cantidad)
values(282,2,'11/15/2017',150)
insert into PagoCuota(nino_id,reunion_id,FechaPago,Cantidad)
values(283,3,'12/01/2017',150)
insert into PagoCuota(nino_id,reunion_id,FechaPago,Cantidad)
values(284,4,'12/15/2017',150)
insert into PagoCuota(nino_id,reunion_id,FechaPago,Cantidad)
values(285,5,'01/01/2018',150)
insert into PagoCuota(nino_id,reunion_id,FechaPago,Cantidad)
values(286,6,'01/15/2018',150)
insert into PagoCuota(nino_id,reunion_id,FechaPago,Cantidad)
values(287,7,'02/01/2018',150)
insert into PagoCuota(nino_id,reunion_id,FechaPago,Cantidad)
values(288,8,'02/15/2018',150)
insert into PagoCuota(nino_id,reunion_id,FechaPago,Cantidad)
values(289,9,'03/01/2018',150)
insert into PagoCuota(nino_id,reunion_id,FechaPago,Cantidad)
values(290,10,'03/15/2018',150)
insert into PagoCuota(nino_id,reunion_id,FechaPago,Cantidad)
values(291,11,'04/01/2018',150)
insert into PagoCuota(nino_id,reunion_id,FechaPago,Cantidad)
values(292,12,'04/15/2018',150)
insert into PagoCuota(nino_id,reunion_id,FechaPago,Cantidad)
values(293,13,'05/01/2018',150)
insert into PagoCuota(nino_id,reunion_id,FechaPago,Cantidad)
values(294,14,'05/15/2018',150)
insert into PagoCuota(nino_id,reunion_id,FechaPago,Cantidad)
values(295,15,'06/01/2018',150)
insert into PagoCuota(nino_id,reunion_id,FechaPago,Cantidad)
values(296,16,'06/15/2018',150)
insert into PagoCuota(nino_id,reunion_id,FechaPago,Cantidad)
values(297,17,'07/01/2018',150)
insert into PagoCuota(nino_id,reunion_id,FechaPago,Cantidad)
values(298,18,'07/15/2018',150)
insert into PagoCuota(nino_id,reunion_id,FechaPago,Cantidad)
values(299,19,'08/01/2018',150)
insert into PagoCuota(nino_id,reunion_id,FechaPago,Cantidad)
values(300,20,'10/01/2018',150)
select * from PagoCuota

---------------------------LLENANDO LA TABLA REUNION NIÑO-------------------------------
--select * from ReunionNino
--select * from ninoUnidad
--select id,nombre from persona where id>200
insert into ReunionNino(nino_id,reunion_id,asitencia,puntualidad,tarea,pulcritud_id,PagoCuotaID)
values(201,1,1,0,1,3,1)
insert into ReunionNino(nino_id,reunion_id,asitencia,puntualidad,tarea,pulcritud_id,PagoCuotaID)
values(202,2,1,0,0,1,2)
insert into ReunionNino(nino_id,reunion_id,asitencia,puntualidad,tarea,pulcritud_id,PagoCuotaID)
values(203,3,1,0,1,1,3)
insert into ReunionNino(nino_id,reunion_id,asitencia,puntualidad,tarea,pulcritud_id,PagoCuotaID)
values(204,4,1,0,1,3,4)
insert into ReunionNino(nino_id,reunion_id,asitencia,puntualidad,tarea,pulcritud_id,PagoCuotaID)
values(205,5,1,0,1,1,5)
insert into ReunionNino(nino_id,reunion_id,asitencia,puntualidad,tarea,pulcritud_id,PagoCuotaID)
values(206,6,1,1,0,1,6)
insert into ReunionNino(nino_id,reunion_id,asitencia,puntualidad,tarea,pulcritud_id,PagoCuotaID)
values(207,7,1,1,0,1,7)
insert into ReunionNino(nino_id,reunion_id,asitencia,puntualidad,tarea,pulcritud_id,PagoCuotaID)
values(208,8,1,1,1,3,8)
insert into ReunionNino(nino_id,reunion_id,asitencia,puntualidad,tarea,pulcritud_id,PagoCuotaID)
values(209,9,1,0,0,1,9)
insert into ReunionNino(nino_id,reunion_id,asitencia,puntualidad,tarea,pulcritud_id,PagoCuotaID)
values(210,10,1,1,0,3,10)
insert into ReunionNino(nino_id,reunion_id,asitencia,puntualidad,tarea,pulcritud_id,PagoCuotaID)
values(211,11,1,0,1,2,11)
insert into ReunionNino(nino_id,reunion_id,asitencia,puntualidad,tarea,pulcritud_id,PagoCuotaID)
values(212,12,1,1,0,1,12)
insert into ReunionNino(nino_id,reunion_id,asitencia,puntualidad,tarea,pulcritud_id,PagoCuotaID)
values(213,13,1,0,1,3,13)
insert into ReunionNino(nino_id,reunion_id,asitencia,puntualidad,tarea,pulcritud_id,PagoCuotaID)
values(214,14,1,1,0,2,14)
insert into ReunionNino(nino_id,reunion_id,asitencia,puntualidad,tarea,pulcritud_id,PagoCuotaID)
values(215,15,1,0,0,1,15)
insert into ReunionNino(nino_id,reunion_id,asitencia,puntualidad,tarea,pulcritud_id,PagoCuotaID)
values(216,16,1,0,1,1,16)
insert into ReunionNino(nino_id,reunion_id,asitencia,puntualidad,tarea,pulcritud_id,PagoCuotaID)
values(217,17,1,1,0,1,17)
insert into ReunionNino(nino_id,reunion_id,asitencia,puntualidad,tarea,pulcritud_id,PagoCuotaID)
values(218,18,1,0,1,1,18)
insert into ReunionNino(nino_id,reunion_id,asitencia,puntualidad,tarea,pulcritud_id,PagoCuotaID)
values(219,19,1,1,1,3,19)
insert into ReunionNino(nino_id,reunion_id,asitencia,puntualidad,tarea,pulcritud_id,PagoCuotaID)
values(220,20,1,0,0,1,20)
insert into ReunionNino(nino_id,reunion_id,asitencia,puntualidad,tarea,pulcritud_id,PagoCuotaID)
values(221,1,1,1,1,1,21)
insert into ReunionNino(nino_id,reunion_id,asitencia,puntualidad,tarea,pulcritud_id,PagoCuotaID)
values(222,2,1,1,0,2,22)
insert into ReunionNino(nino_id,reunion_id,asitencia,puntualidad,tarea,pulcritud_id,PagoCuotaID)
values(223,3,1,0,1,3,23)
insert into ReunionNino(nino_id,reunion_id,asitencia,puntualidad,tarea,pulcritud_id,PagoCuotaID)
values(224,4,1,1,1,3,24)
insert into ReunionNino(nino_id,reunion_id,asitencia,puntualidad,tarea,pulcritud_id,PagoCuotaID)
values(225,5,1,0,0,3,25)
insert into ReunionNino(nino_id,reunion_id,asitencia,puntualidad,tarea,pulcritud_id,PagoCuotaID)
values(226,6,1,1,1,2,26)
insert into ReunionNino(nino_id,reunion_id,asitencia,puntualidad,tarea,pulcritud_id,PagoCuotaID)
values(227,7,1,0,1,3,27)
insert into ReunionNino(nino_id,reunion_id,asitencia,puntualidad,tarea,pulcritud_id,PagoCuotaID)
values(228,8,1,1,1,1,28)
insert into ReunionNino(nino_id,reunion_id,asitencia,puntualidad,tarea,pulcritud_id,PagoCuotaID)
values(229,9,1,0,0,1,29)
insert into ReunionNino(nino_id,reunion_id,asitencia,puntualidad,tarea,pulcritud_id,PagoCuotaID)
values(230,10,1,1,0,1,30)
insert into ReunionNino(nino_id,reunion_id,asitencia,puntualidad,tarea,pulcritud_id,PagoCuotaID)
values(231,11,1,1,0,1,31)
insert into ReunionNino(nino_id,reunion_id,asitencia,puntualidad,tarea,pulcritud_id,PagoCuotaID)
values(232,12,1,0,1,3,32)
insert into ReunionNino(nino_id,reunion_id,asitencia,puntualidad,tarea,pulcritud_id,PagoCuotaID)
values(233,13,1,1,0,2,33)
insert into ReunionNino(nino_id,reunion_id,asitencia,puntualidad,tarea,pulcritud_id,PagoCuotaID)
values(234,14,1,0,1,3,34)
insert into ReunionNino(nino_id,reunion_id,asitencia,puntualidad,tarea,pulcritud_id,PagoCuotaID)
values(235,15,1,1,1,2,35)
insert into ReunionNino(nino_id,reunion_id,asitencia,puntualidad,tarea,pulcritud_id,PagoCuotaID)
values(236,16,1,0,1,3,36)
insert into ReunionNino(nino_id,reunion_id,asitencia,puntualidad,tarea,pulcritud_id,PagoCuotaID)
values(237,17,1,1,0,1,37)
insert into ReunionNino(nino_id,reunion_id,asitencia,puntualidad,tarea,pulcritud_id,PagoCuotaID)
values(238,18,1,1,0,1,38)
insert into ReunionNino(nino_id,reunion_id,asitencia,puntualidad,tarea,pulcritud_id,PagoCuotaID)
values(239,19,1,1,1,3,39)
insert into ReunionNino(nino_id,reunion_id,asitencia,puntualidad,tarea,pulcritud_id,PagoCuotaID)
values(240,20,1,1,1,2,40)
insert into ReunionNino(nino_id,reunion_id,asitencia,puntualidad,tarea,pulcritud_id,PagoCuotaID)
values(241,1,1,0,0,2,41)
insert into ReunionNino(nino_id,reunion_id,asitencia,puntualidad,tarea,pulcritud_id,PagoCuotaID)
values(242,2,1,1,1,2,42)
insert into ReunionNino(nino_id,reunion_id,asitencia,puntualidad,tarea,pulcritud_id,PagoCuotaID)
values(243,3,1,1,0,2,43)
insert into ReunionNino(nino_id,reunion_id,asitencia,puntualidad,tarea,pulcritud_id,PagoCuotaID)
values(244,4,1,0,0,2,44)
insert into ReunionNino(nino_id,reunion_id,asitencia,puntualidad,tarea,pulcritud_id,PagoCuotaID)
values(245,5,1,1,0,3,45)
insert into ReunionNino(nino_id,reunion_id,asitencia,puntualidad,tarea,pulcritud_id,PagoCuotaID)
values(246,6,1,1,1,3,46)
insert into ReunionNino(nino_id,reunion_id,asitencia,puntualidad,tarea,pulcritud_id,PagoCuotaID)
values(247,7,1,1,0,3,47)
insert into ReunionNino(nino_id,reunion_id,asitencia,puntualidad,tarea,pulcritud_id,PagoCuotaID)
values(248,8,1,1,0,1,48)
insert into ReunionNino(nino_id,reunion_id,asitencia,puntualidad,tarea,pulcritud_id,PagoCuotaID)
values(249,9,1,0,1,3,49)
insert into ReunionNino(nino_id,reunion_id,asitencia,puntualidad,tarea,pulcritud_id,PagoCuotaID)
values(250,10,1,0,1,2,50)
insert into ReunionNino(nino_id,reunion_id,asitencia,puntualidad,tarea,pulcritud_id,PagoCuotaID)
values(251,11,1,0,0,3,51)
insert into ReunionNino(nino_id,reunion_id,asitencia,puntualidad,tarea,pulcritud_id,PagoCuotaID)
values(252,12,1,0,0,3,52)
insert into ReunionNino(nino_id,reunion_id,asitencia,puntualidad,tarea,pulcritud_id,PagoCuotaID)
values(253,13,1,1,0,1,53)
insert into ReunionNino(nino_id,reunion_id,asitencia,puntualidad,tarea,pulcritud_id,PagoCuotaID)
values(254,14,1,1,1,2,54)
insert into ReunionNino(nino_id,reunion_id,asitencia,puntualidad,tarea,pulcritud_id,PagoCuotaID)
values(255,15,1,1,0,2,55)
insert into ReunionNino(nino_id,reunion_id,asitencia,puntualidad,tarea,pulcritud_id,PagoCuotaID)
values(256,16,1,0,0,2,56)
insert into ReunionNino(nino_id,reunion_id,asitencia,puntualidad,tarea,pulcritud_id,PagoCuotaID)
values(257,17,1,0,1,1,57)
insert into ReunionNino(nino_id,reunion_id,asitencia,puntualidad,tarea,pulcritud_id,PagoCuotaID)
values(258,18,1,1,0,1,58)
insert into ReunionNino(nino_id,reunion_id,asitencia,puntualidad,tarea,pulcritud_id,PagoCuotaID)
values(259,19,1,1,1,3,59)
insert into ReunionNino(nino_id,reunion_id,asitencia,puntualidad,tarea,pulcritud_id,PagoCuotaID)
values(260,20,1,0,0,1,60)
insert into ReunionNino(nino_id,reunion_id,asitencia,puntualidad,tarea,pulcritud_id,PagoCuotaID)
values(261,1,1,1,1,1,61)
insert into ReunionNino(nino_id,reunion_id,asitencia,puntualidad,tarea,pulcritud_id,PagoCuotaID)
values(262,2,1,1,1,2,62)
insert into ReunionNino(nino_id,reunion_id,asitencia,puntualidad,tarea,pulcritud_id,PagoCuotaID)
values(263,3,1,1,0,3,63)
insert into ReunionNino(nino_id,reunion_id,asitencia,puntualidad,tarea,pulcritud_id,PagoCuotaID)
values(264,4,1,0,0,2,64)
insert into ReunionNino(nino_id,reunion_id,asitencia,puntualidad,tarea,pulcritud_id,PagoCuotaID)
values(265,5,1,1,0,2,65)
insert into ReunionNino(nino_id,reunion_id,asitencia,puntualidad,tarea,pulcritud_id,PagoCuotaID)
values(266,6,1,0,1,1,66)
insert into ReunionNino(nino_id,reunion_id,asitencia,puntualidad,tarea,pulcritud_id,PagoCuotaID)
values(267,7,1,1,0,1,67)
insert into ReunionNino(nino_id,reunion_id,asitencia,puntualidad,tarea,pulcritud_id,PagoCuotaID)
values(268,8,1,1,1,2,68)
insert into ReunionNino(nino_id,reunion_id,asitencia,puntualidad,tarea,pulcritud_id,PagoCuotaID)
values(269,9,1,1,1,2,69)
insert into ReunionNino(nino_id,reunion_id,asitencia,puntualidad,tarea,pulcritud_id,PagoCuotaID)
values(270,10,1,0,1,2,70)
insert into ReunionNino(nino_id,reunion_id,asitencia,puntualidad,tarea,pulcritud_id,PagoCuotaID)
values(271,11,1,0,1,3,71)
insert into ReunionNino(nino_id,reunion_id,asitencia,puntualidad,tarea,pulcritud_id,PagoCuotaID)
values(272,12,1,0,0,2,72)
insert into ReunionNino(nino_id,reunion_id,asitencia,puntualidad,tarea,pulcritud_id,PagoCuotaID)
values(273,13,1,0,0,2,73)
insert into ReunionNino(nino_id,reunion_id,asitencia,puntualidad,tarea,pulcritud_id,PagoCuotaID)
values(274,14,1,1,1,3,74)
insert into ReunionNino(nino_id,reunion_id,asitencia,puntualidad,tarea,pulcritud_id,PagoCuotaID)
values(275,15,1,1,0,2,75)
insert into ReunionNino(nino_id,reunion_id,asitencia,puntualidad,tarea,pulcritud_id,PagoCuotaID)
values(276,16,1,1,0,3,76)
insert into ReunionNino(nino_id,reunion_id,asitencia,puntualidad,tarea,pulcritud_id,PagoCuotaID)
values(277,17,1,1,1,2,77)
insert into ReunionNino(nino_id,reunion_id,asitencia,puntualidad,tarea,pulcritud_id,PagoCuotaID)
values(278,18,1,1,0,3,78)
insert into ReunionNino(nino_id,reunion_id,asitencia,puntualidad,tarea,pulcritud_id,PagoCuotaID)
values(279,19,1,0,0,2,79)
insert into ReunionNino(nino_id,reunion_id,asitencia,puntualidad,tarea,pulcritud_id,PagoCuotaID)
values(280,20,1,1,0,2,80)
insert into ReunionNino(nino_id,reunion_id,asitencia,puntualidad,tarea,pulcritud_id,PagoCuotaID)
values(281,1,1,1,0,2,81)
insert into ReunionNino(nino_id,reunion_id,asitencia,puntualidad,tarea,pulcritud_id,PagoCuotaID)
values(282,2,1,1,1,1,82)
insert into ReunionNino(nino_id,reunion_id,asitencia,puntualidad,tarea,pulcritud_id,PagoCuotaID)
values(283,3,1,0,0,2,83)
insert into ReunionNino(nino_id,reunion_id,asitencia,puntualidad,tarea,pulcritud_id,PagoCuotaID)
values(284,4,1,0,1,2,84)
insert into ReunionNino(nino_id,reunion_id,asitencia,puntualidad,tarea,pulcritud_id,PagoCuotaID)
values(285,5,1,1,0,3,85)
insert into ReunionNino(nino_id,reunion_id,asitencia,puntualidad,tarea,pulcritud_id,PagoCuotaID)
values(286,6,1,0,1,1,86)
insert into ReunionNino(nino_id,reunion_id,asitencia,puntualidad,tarea,pulcritud_id,PagoCuotaID)
values(287,7,1,1,0,2,87)
insert into ReunionNino(nino_id,reunion_id,asitencia,puntualidad,tarea,pulcritud_id,PagoCuotaID)
values(288,8,1,0,0,3,88)
insert into ReunionNino(nino_id,reunion_id,asitencia,puntualidad,tarea,pulcritud_id,PagoCuotaID)
values(289,9,1,0,1,1,89)
insert into ReunionNino(nino_id,reunion_id,asitencia,puntualidad,tarea,pulcritud_id,PagoCuotaID)
values(290,10,1,0,0,1,90)
insert into ReunionNino(nino_id,reunion_id,asitencia,puntualidad,tarea,pulcritud_id,PagoCuotaID)
values(291,11,1,0,1,2,91)
insert into ReunionNino(nino_id,reunion_id,asitencia,puntualidad,tarea,pulcritud_id,PagoCuotaID)
values(292,12,1,1,1,3,92)
insert into ReunionNino(nino_id,reunion_id,asitencia,puntualidad,tarea,pulcritud_id,PagoCuotaID)
values(293,13,1,0,0,3,93)
insert into ReunionNino(nino_id,reunion_id,asitencia,puntualidad,tarea,pulcritud_id,PagoCuotaID)
values(294,14,1,0,0,1,94)
insert into ReunionNino(nino_id,reunion_id,asitencia,puntualidad,tarea,pulcritud_id,PagoCuotaID)
values(295,15,1,1,0,1,95)
insert into ReunionNino(nino_id,reunion_id,asitencia,puntualidad,tarea,pulcritud_id,PagoCuotaID)
values(296,16,1,0,1,3,96)
insert into ReunionNino(nino_id,reunion_id,asitencia,puntualidad,tarea,pulcritud_id,PagoCuotaID)
values(297,17,1,1,1,1,97)
insert into ReunionNino(nino_id,reunion_id,asitencia,puntualidad,tarea,pulcritud_id,PagoCuotaID)
values(298,18,1,1,0,3,98)
insert into ReunionNino(nino_id,reunion_id,asitencia,puntualidad,tarea,pulcritud_id,PagoCuotaID)
values(299,19,1,1,1,2,99)
insert into ReunionNino(nino_id,reunion_id,asitencia,puntualidad,tarea,pulcritud_id,PagoCuotaID)
values(300,20,1,0,0,2,100)

select * from ReunionNino

---------------------------LLENANDO LA TABLA NIÑO ACTIVIDAD--------------------------
--select * from ninoActividad
--select nino_id,clase_id from nino
--select * from claseActividad 
insert into ninoActividad(nino_id,actividad_id,fecha_realizacion)
values(201,1,'01/16/2018')
insert into ninoActividad(nino_id,actividad_id,fecha_realizacion)
values(201,2,'06/28/2018')
insert into ninoActividad(nino_id,actividad_id,fecha_realizacion)
values(201,6,'01/25/2018')
insert into ninoActividad(nino_id,actividad_id,fecha_realizacion)
values(201,7,'02/10/2018')
insert into ninoActividad(nino_id,actividad_id,fecha_realizacion)
values(202,11,'02/13/2018')
insert into ninoActividad(nino_id,actividad_id,fecha_realizacion)
values(202,12,'01/15/2018')
insert into ninoActividad(nino_id,actividad_id,fecha_realizacion)
values(202,16,'04/26/2018')
insert into ninoActividad(nino_id,actividad_id,fecha_realizacion)
values(203,20,'06/10/2018')
insert into ninoActividad(nino_id,actividad_id,fecha_realizacion)
values(203,23,'05/01/2018')
insert into ninoActividad(nino_id,actividad_id,fecha_realizacion)
values(203,25,'04/16/2018')
insert into ninoActividad(nino_id,actividad_id,fecha_realizacion)
values(204,34,'03/20/2018')
insert into ninoActividad(nino_id,actividad_id,fecha_realizacion)
values(204,35,'05/19/2018')
insert into ninoActividad(nino_id,actividad_id,fecha_realizacion)
values(204,36,'08/09/2018')
insert into ninoActividad(nino_id,actividad_id,fecha_realizacion)
values(205,41,'08/08/2018')
insert into ninoActividad(nino_id,actividad_id,fecha_realizacion)
values(205,42,'08/24/2018')
insert into ninoActividad(nino_id,actividad_id,fecha_realizacion)
values(206,48,'06/02/2018')
insert into ninoActividad(nino_id,actividad_id,fecha_realizacion)
values(206,49,'01/06/2018')
insert into ninoActividad(nino_id,actividad_id,fecha_realizacion)
values(206,50,'02/21/2018')
insert into ninoActividad(nino_id,actividad_id,fecha_realizacion)
values(207,56,'04/18/2018')
insert into ninoActividad(nino_id,actividad_id,fecha_realizacion)
values(207,57,'04/24/2018')
insert into ninoActividad(nino_id,actividad_id,fecha_realizacion)
values(208,3,'05/09/2018')
insert into ninoActividad(nino_id,actividad_id,fecha_realizacion)
values(208,6,'04/07/2018')
insert into ninoActividad(nino_id,actividad_id,fecha_realizacion)
values(209,12,'08/12/2018')
insert into ninoActividad(nino_id,actividad_id,fecha_realizacion)
values(210,23,'07/25/2018')
insert into ninoActividad(nino_id,actividad_id,fecha_realizacion)
values(210,24,'08/09/2018')
insert into ninoActividad(nino_id,actividad_id,fecha_realizacion)
values(211,33,'03/20/2018')
insert into ninoActividad(nino_id,actividad_id,fecha_realizacion)
values(211,34,'06/25/2018')
insert into ninoActividad(nino_id,actividad_id,fecha_realizacion)
values(212,40,'04/14/2018')
insert into ninoActividad(nino_id,actividad_id,fecha_realizacion)
values(213,47,'05/07/2018')
insert into ninoActividad(nino_id,actividad_id,fecha_realizacion)
values(213,48,'01/06/2018')
insert into ninoActividad(nino_id,actividad_id,fecha_realizacion)
values(214,55,'05/20/2018')
insert into ninoActividad(nino_id,actividad_id,fecha_realizacion)
values(214,58,'08/21/2018')
insert into ninoActividad(nino_id,actividad_id,fecha_realizacion)
values(215,3,'09/28/2018')
insert into ninoActividad(nino_id,actividad_id,fecha_realizacion)
values(215,4,'02/08/2018')
insert into ninoActividad(nino_id,actividad_id,fecha_realizacion)
values(215,5,'03/30/2018')
insert into ninoActividad(nino_id,actividad_id,fecha_realizacion)
values(216,12,'04/23/2018')
insert into ninoActividad(nino_id,actividad_id,fecha_realizacion)
values(216,13,'06/08/2018')
insert into ninoActividad(nino_id,actividad_id,fecha_realizacion)
values(216,14,'07/29/2018')
insert into ninoActividad(nino_id,actividad_id,fecha_realizacion)
values(217,20,'08/27/2018')
insert into ninoActividad(nino_id,actividad_id,fecha_realizacion)
values(217,21,'02/17/2018')
insert into ninoActividad(nino_id,actividad_id,fecha_realizacion)
values(217,22,'01/04/2018')
insert into ninoActividad(nino_id,actividad_id,fecha_realizacion)
values(218,33,'07/13/2018')
insert into ninoActividad(nino_id,actividad_id,fecha_realizacion)
values(218,34,'08/13/2018')
insert into ninoActividad(nino_id,actividad_id,fecha_realizacion)
values(219,40,'07/18/2018')
insert into ninoActividad(nino_id,actividad_id,fecha_realizacion)
values(219,41,'08/09/2018')
insert into ninoActividad(nino_id,actividad_id,fecha_realizacion)
values(220,48,'02/01/2018')
insert into ninoActividad(nino_id,actividad_id,fecha_realizacion)
values(220,50,'03/14/2018')
insert into ninoActividad(nino_id,actividad_id,fecha_realizacion)
values(221,54,'04/15/2018')
insert into ninoActividad(nino_id,actividad_id,fecha_realizacion)
values(221,55,'04/12/2018')
insert into ninoActividad(nino_id,actividad_id,fecha_realizacion)
values(221,56,'03/15/2018')
insert into ninoActividad(nino_id,actividad_id,fecha_realizacion)
values(222,2,'04/14/2018')
insert into ninoActividad(nino_id,actividad_id,fecha_realizacion)
values(222,6,'07/11/2018')
insert into ninoActividad(nino_id,actividad_id,fecha_realizacion)
values(222,7,'08/19/2018')
insert into ninoActividad(nino_id,actividad_id,fecha_realizacion)
values(223,11,'09/12/2018')
insert into ninoActividad(nino_id,actividad_id,fecha_realizacion)
values(223,14,'01/16/2018')
insert into ninoActividad(nino_id,actividad_id,fecha_realizacion)
values(224,20,'02/17/2018')
insert into ninoActividad(nino_id,actividad_id,fecha_realizacion)
values(224,22,'07/14/2018')
insert into ninoActividad(nino_id,actividad_id,fecha_realizacion)
values(224,23,'08/11/2018')
insert into ninoActividad(nino_id,actividad_id,fecha_realizacion)
values(224,24,'03/15/2018')
insert into ninoActividad(nino_id,actividad_id,fecha_realizacion)
values(225,32,'08/16/2018')
insert into ninoActividad(nino_id,actividad_id,fecha_realizacion)
values(225,33,'01/17/2018')
insert into ninoActividad(nino_id,actividad_id,fecha_realizacion)
values(225,36,'02/20/2018')
insert into ninoActividad(nino_id,actividad_id,fecha_realizacion)
values(226,40,'03/25/2018')
insert into ninoActividad(nino_id,actividad_id,fecha_realizacion)
values(226,41,'06/02/2018')
insert into ninoActividad(nino_id,actividad_id,fecha_realizacion)
values(227,49,'02/03/2018')
insert into ninoActividad(nino_id,actividad_id,fecha_realizacion)
values(227,50,'05/20/2018')
insert into ninoActividad(nino_id,actividad_id,fecha_realizacion)
values(228,54,'03/09/2018')
insert into ninoActividad(nino_id,actividad_id,fecha_realizacion)
values(228,55,'08/07/2018')
insert into ninoActividad(nino_id,actividad_id,fecha_realizacion)
values(229,2,'03/25/2018')
insert into ninoActividad(nino_id,actividad_id,fecha_realizacion)
values(229,3,'05/06/2018')
insert into ninoActividad(nino_id,actividad_id,fecha_realizacion)
values(229,4,'04/26/2018')
insert into ninoActividad(nino_id,actividad_id,fecha_realizacion)
values(229,5,'06/05/2018')
insert into ninoActividad(nino_id,actividad_id,fecha_realizacion)
values(230,11,'07/09/2018')
insert into ninoActividad(nino_id,actividad_id,fecha_realizacion)
values(230,12,'01/16/2018')
insert into ninoActividad(nino_id,actividad_id,fecha_realizacion)
values(230,13,'02/20/2018')
insert into ninoActividad(nino_id,actividad_id,fecha_realizacion)
values(230,16,'04/25/2018')
insert into ninoActividad(nino_id,actividad_id,fecha_realizacion)
values(231,20,'08/09/2018')
insert into ninoActividad(nino_id,actividad_id,fecha_realizacion)
values(231,22,'06/07/2018')
insert into ninoActividad(nino_id,actividad_id,fecha_realizacion)
values(231,23,'03/05/2018')
insert into ninoActividad(nino_id,actividad_id,fecha_realizacion)
values(231,24,'06/27/2018')
insert into ninoActividad(nino_id,actividad_id,fecha_realizacion)
values(231,26,'05/08/2018')
insert into ninoActividad(nino_id,actividad_id,fecha_realizacion)
values(231,27,'06/23/2018')
insert into ninoActividad(nino_id,actividad_id,fecha_realizacion)
values(232,34,'06/20/2018')
insert into ninoActividad(nino_id,actividad_id,fecha_realizacion)
values(233,40,'08/28/2018')
insert into ninoActividad(nino_id,actividad_id,fecha_realizacion)
values(233,43,'07/09/2018')
insert into ninoActividad(nino_id,actividad_id,fecha_realizacion)
values(234,47,'09/09/2018')
insert into ninoActividad(nino_id,actividad_id,fecha_realizacion)
values(234,49,'09/20/2018')
insert into ninoActividad(nino_id,actividad_id,fecha_realizacion)
values(234,50,'08/13/2018')
insert into ninoActividad(nino_id,actividad_id,fecha_realizacion)
values(235,54,'07/13/2018')
insert into ninoActividad(nino_id,actividad_id,fecha_realizacion)
values(235,56,'05/25/2018')
insert into ninoActividad(nino_id,actividad_id,fecha_realizacion)
values(236,2,'06/06/2018')
insert into ninoActividad(nino_id,actividad_id,fecha_realizacion)
values(236,3,'06/08/2018')
insert into ninoActividad(nino_id,actividad_id,fecha_realizacion)
values(236,4,'01/02/2018')
insert into ninoActividad(nino_id,actividad_id,fecha_realizacion)
values(236,5,'01/03/2018')
insert into ninoActividad(nino_id,actividad_id,fecha_realizacion)
values(237,11,'01/05/2018')
insert into ninoActividad(nino_id,actividad_id,fecha_realizacion)
values(237,12,'02/06/2018')
insert into ninoActividad(nino_id,actividad_id,fecha_realizacion)
values(237,13,'03/02/2018')
insert into ninoActividad(nino_id,actividad_id,fecha_realizacion)
values(238,22,'06/08/2018')
insert into ninoActividad(nino_id,actividad_id,fecha_realizacion)
values(238,23,'04/12/2018')
insert into ninoActividad(nino_id,actividad_id,fecha_realizacion)
values(238,24,'05/18/2018')
insert into ninoActividad(nino_id,actividad_id,fecha_realizacion)
values(238,27,'04/17/2018')
insert into ninoActividad(nino_id,actividad_id,fecha_realizacion)
values(239,34,'01/07/2018')
insert into ninoActividad(nino_id,actividad_id,fecha_realizacion)
values(240,40,'05/21/2018')
insert into ninoActividad(nino_id,actividad_id,fecha_realizacion)
values(240,41,'06/24/2018')
insert into ninoActividad(nino_id,actividad_id,fecha_realizacion)
values(241,47,'07/26/2018')
insert into ninoActividad(nino_id,actividad_id,fecha_realizacion)
values(241,49,'01/23/2018')
insert into ninoActividad(nino_id,actividad_id,fecha_realizacion)
values(241,50,'02/21/2018')
insert into ninoActividad(nino_id,actividad_id,fecha_realizacion)
values(242,54,'03/24/2018')
insert into ninoActividad(nino_id,actividad_id,fecha_realizacion)
values(243,3,'03/21/2018')
insert into ninoActividad(nino_id,actividad_id,fecha_realizacion)
values(243,4,'04/27/2018')
insert into ninoActividad(nino_id,actividad_id,fecha_realizacion)
values(243,5,'07/06/2018')
insert into ninoActividad(nino_id,actividad_id,fecha_realizacion)
values(244,11,'06/21/2018')
insert into ninoActividad(nino_id,actividad_id,fecha_realizacion)
values(244,12,'06/05/2018')
insert into ninoActividad(nino_id,actividad_id,fecha_realizacion)
values(244,16,'01/05/2018')
insert into ninoActividad(nino_id,actividad_id,fecha_realizacion)
values(245,20,'02/07/2018')
insert into ninoActividad(nino_id,actividad_id,fecha_realizacion)
values(245,21,'01/08/2018')
insert into ninoActividad(nino_id,actividad_id,fecha_realizacion)
values(245,22,'02/06/2018')
insert into ninoActividad(nino_id,actividad_id,fecha_realizacion)
values(245,25,'06/24/2018')
insert into ninoActividad(nino_id,actividad_id,fecha_realizacion)
values(246,34,'02/08/2018')
insert into ninoActividad(nino_id,actividad_id,fecha_realizacion)
values(246,36,'06/29/2018')
insert into ninoActividad(nino_id,actividad_id,fecha_realizacion)
values(247,40,'02/25/2018')
insert into ninoActividad(nino_id,actividad_id,fecha_realizacion)
values(247,43,'08/25/2018')
insert into ninoActividad(nino_id,actividad_id,fecha_realizacion)
values(248,47,'04/26/2018')
insert into ninoActividad(nino_id,actividad_id,fecha_realizacion)
values(248,50,'04/03/2018')
insert into ninoActividad(nino_id,actividad_id,fecha_realizacion)
values(249,54,'06/09/2018')
insert into ninoActividad(nino_id,actividad_id,fecha_realizacion)
values(249,55,'02/28/2018')
insert into ninoActividad(nino_id,actividad_id,fecha_realizacion)
values(249,56,'05/29/2018')
insert into ninoActividad(nino_id,actividad_id,fecha_realizacion)
values(250,2,'09/21/2018')
insert into ninoActividad(nino_id,actividad_id,fecha_realizacion)
values(250,3,'01/23/2018')
insert into ninoActividad(nino_id,actividad_id,fecha_realizacion)
values(250,4,'08/20/2018')
insert into ninoActividad(nino_id,actividad_id,fecha_realizacion)
values(250,7,'01/26/2018')
insert into ninoActividad(nino_id,actividad_id,fecha_realizacion)
values(251,11,'01/01/2018')
insert into ninoActividad(nino_id,actividad_id,fecha_realizacion)
values(251,12,'02/23/2018')
insert into ninoActividad(nino_id,actividad_id,fecha_realizacion)
values(251,13,'05/27/2018')
insert into ninoActividad(nino_id,actividad_id,fecha_realizacion)
values(252,22,'06/04/2018')
insert into ninoActividad(nino_id,actividad_id,fecha_realizacion)
values(252,23,'08/09/2018')
insert into ninoActividad(nino_id,actividad_id,fecha_realizacion)
values(252,24,'01/05/2018')
insert into ninoActividad(nino_id,actividad_id,fecha_realizacion)
values(253,34,'06/03/2018')
insert into ninoActividad(nino_id,actividad_id,fecha_realizacion)
values(253,35,'08/04/2018')
insert into ninoActividad(nino_id,actividad_id,fecha_realizacion)
values(253,36,'04/07/2018')
insert into ninoActividad(nino_id,actividad_id,fecha_realizacion)
values(254,40,'02/21/2018')
insert into ninoActividad(nino_id,actividad_id,fecha_realizacion)
values(254,42,'09/08/2018')
insert into ninoActividad(nino_id,actividad_id,fecha_realizacion)
values(254,43,'09/24/2018')
insert into ninoActividad(nino_id,actividad_id,fecha_realizacion)
values(255,47,'02/20/2018')
insert into ninoActividad(nino_id,actividad_id,fecha_realizacion)
values(255,48,'01/24/2018')
insert into ninoActividad(nino_id,actividad_id,fecha_realizacion)
values(256,55,'06/24/2018')
insert into ninoActividad(nino_id,actividad_id,fecha_realizacion)
values(256,56,'01/03/2018')
insert into ninoActividad(nino_id,actividad_id,fecha_realizacion)
values(257,1,'02/05/2018')
insert into ninoActividad(nino_id,actividad_id,fecha_realizacion)
values(257,5,'02/04/2018')
insert into ninoActividad(nino_id,actividad_id,fecha_realizacion)
values(257,6,'09/12/2018')
insert into ninoActividad(nino_id,actividad_id,fecha_realizacion)
values(257,7,'01/12/2018')
insert into ninoActividad(nino_id,actividad_id,fecha_realizacion)
values(258,11,'02/24/2018')
insert into ninoActividad(nino_id,actividad_id,fecha_realizacion)
values(258,12,'03/31/2018')
insert into ninoActividad(nino_id,actividad_id,fecha_realizacion)
values(258,16,'04/28/2018')
insert into ninoActividad(nino_id,actividad_id,fecha_realizacion)
values(259,20,'01/29/2018')
insert into ninoActividad(nino_id,actividad_id,fecha_realizacion)
values(259,22,'03/03/2018')
insert into ninoActividad(nino_id,actividad_id,fecha_realizacion)
values(259,24,'04/09/2018')
insert into ninoActividad(nino_id,actividad_id,fecha_realizacion)
values(259,25,'01/05/2018')
insert into ninoActividad(nino_id,actividad_id,fecha_realizacion)
values(260,32,'08/20/2018')
insert into ninoActividad(nino_id,actividad_id,fecha_realizacion)
values(260,33,'09/11/2018')
insert into ninoActividad(nino_id,actividad_id,fecha_realizacion)
values(260,36,'01/02/2018')
insert into ninoActividad(nino_id,actividad_id,fecha_realizacion)
values(261,40,'07/30/2018')
insert into ninoActividad(nino_id,actividad_id,fecha_realizacion)
values(261,41,'03/26/2018')
insert into ninoActividad(nino_id,actividad_id,fecha_realizacion)
values(262,47,'05/09/2018')
insert into ninoActividad(nino_id,actividad_id,fecha_realizacion)
values(262,48,'01/26/2018')
insert into ninoActividad(nino_id,actividad_id,fecha_realizacion)
values(263,54,'05/04/2018')
insert into ninoActividad(nino_id,actividad_id,fecha_realizacion)
values(263,55,'06/08/2018')
insert into ninoActividad(nino_id,actividad_id,fecha_realizacion)
values(263,58,'03/24/2018')
insert into ninoActividad(nino_id,actividad_id,fecha_realizacion)
values(264,1,'01/20/2018')
insert into ninoActividad(nino_id,actividad_id,fecha_realizacion)
values(264,2,'04/01/2018')
insert into ninoActividad(nino_id,actividad_id,fecha_realizacion)
values(264,3,'06/24/2018')
insert into ninoActividad(nino_id,actividad_id,fecha_realizacion)
values(265,14,'06/28/2018')
insert into ninoActividad(nino_id,actividad_id,fecha_realizacion)
values(266,21,'09/01/2018')
insert into ninoActividad(nino_id,actividad_id,fecha_realizacion)
values(266,24,'02/24/2018')
insert into ninoActividad(nino_id,actividad_id,fecha_realizacion)
values(266,27,'06/29/2018')
insert into ninoActividad(nino_id,actividad_id,fecha_realizacion)
values(267,33,'04/04/2018')
insert into ninoActividad(nino_id,actividad_id,fecha_realizacion)
values(267,34,'05/07/2018')
insert into ninoActividad(nino_id,actividad_id,fecha_realizacion)
values(268,40,'03/30/2018')
insert into ninoActividad(nino_id,actividad_id,fecha_realizacion)
values(268,42,'08/27/2018')
insert into ninoActividad(nino_id,actividad_id,fecha_realizacion)
values(269,47,'03/05/2018')
insert into ninoActividad(nino_id,actividad_id,fecha_realizacion)
values(269,48,'05/05/2018')
insert into ninoActividad(nino_id,actividad_id,fecha_realizacion)
values(270,54,'06/20/2018')
insert into ninoActividad(nino_id,actividad_id,fecha_realizacion)
values(270,55,'02/05/2018')
insert into ninoActividad(nino_id,actividad_id,fecha_realizacion)
values(270,56,'03/04/2018')
insert into ninoActividad(nino_id,actividad_id,fecha_realizacion)
values(271,3,'03/06/2018')
insert into ninoActividad(nino_id,actividad_id,fecha_realizacion)
values(271,5,'03/04/2018')
insert into ninoActividad(nino_id,actividad_id,fecha_realizacion)
values(272,11,'06/04/2018')
insert into ninoActividad(nino_id,actividad_id,fecha_realizacion)
values(272,14,'05/07/2018')
insert into ninoActividad(nino_id,actividad_id,fecha_realizacion)
values(273,20,'01/06/2018')
insert into ninoActividad(nino_id,actividad_id,fecha_realizacion)
values(273,23,'06/06/2018')
insert into ninoActividad(nino_id,actividad_id,fecha_realizacion)
values(273,24,'01/09/2018')
insert into ninoActividad(nino_id,actividad_id,fecha_realizacion)
values(273,27,'07/06/2018')
insert into ninoActividad(nino_id,actividad_id,fecha_realizacion)
values(274,32,'02/20/2018')
insert into ninoActividad(nino_id,actividad_id,fecha_realizacion)
values(274,36,'06/05/2018')
insert into ninoActividad(nino_id,actividad_id,fecha_realizacion)
values(275,40,'05/08/2018')
insert into ninoActividad(nino_id,actividad_id,fecha_realizacion)
values(275,41,'01/12/2018')
insert into ninoActividad(nino_id,actividad_id,fecha_realizacion)
values(275,42,'02/16/2018')
insert into ninoActividad(nino_id,actividad_id,fecha_realizacion)
values(276,48,'03/12/2018')
insert into ninoActividad(nino_id,actividad_id,fecha_realizacion)
values(276,49,'05/20/2018')
insert into ninoActividad(nino_id,actividad_id,fecha_realizacion)
values(277,54,'06/12/2018')
insert into ninoActividad(nino_id,actividad_id,fecha_realizacion)
values(277,57,'03/20/2018')
insert into ninoActividad(nino_id,actividad_id,fecha_realizacion)
values(277,58,'03/21/2018')
insert into ninoActividad(nino_id,actividad_id,fecha_realizacion)
values(278,2,'06/08/2018')
insert into ninoActividad(nino_id,actividad_id,fecha_realizacion)
values(278,3,'03/06/2018')
insert into ninoActividad(nino_id,actividad_id,fecha_realizacion)
values(278,5,'03/04/2018')
insert into ninoActividad(nino_id,actividad_id,fecha_realizacion)
values(279,11,'04/14/2018')
insert into ninoActividad(nino_id,actividad_id,fecha_realizacion)
values(279,12,'06/25/2018')
insert into ninoActividad(nino_id,actividad_id,fecha_realizacion)
values(279,13,'04/04/2018')
insert into ninoActividad(nino_id,actividad_id,fecha_realizacion)
values(280,21,'05/09/2018')
insert into ninoActividad(nino_id,actividad_id,fecha_realizacion)
values(280,24,'03/07/2018')
insert into ninoActividad(nino_id,actividad_id,fecha_realizacion)
values(280,25,'07/08/2018')
insert into ninoActividad(nino_id,actividad_id,fecha_realizacion)
values(281,32,'01/21/2018')
insert into ninoActividad(nino_id,actividad_id,fecha_realizacion)
values(281,33,'04/16/2018')
insert into ninoActividad(nino_id,actividad_id,fecha_realizacion)
values(281,35,'03/04/2018')
insert into ninoActividad(nino_id,actividad_id,fecha_realizacion)
values(281,36,'05/09/2018')
insert into ninoActividad(nino_id,actividad_id,fecha_realizacion)
values(282,40,'07/26/2018')
insert into ninoActividad(nino_id,actividad_id,fecha_realizacion)
values(282,41,'03/09/2018')
insert into ninoActividad(nino_id,actividad_id,fecha_realizacion)
values(282,42,'06/08/2018')
insert into ninoActividad(nino_id,actividad_id,fecha_realizacion)
values(283,48,'06/07/2018')
insert into ninoActividad(nino_id,actividad_id,fecha_realizacion)
values(283,49,'03/06/2018')
insert into ninoActividad(nino_id,actividad_id,fecha_realizacion)
values(283,50,'01/06/2018')
insert into ninoActividad(nino_id,actividad_id,fecha_realizacion)
values(284,54,'03/04/2018')
insert into ninoActividad(nino_id,actividad_id,fecha_realizacion)
values(284,55,'06/05/2018')
insert into ninoActividad(nino_id,actividad_id,fecha_realizacion)
values(285,2,'05/04/2018')
insert into ninoActividad(nino_id,actividad_id,fecha_realizacion)
values(285,3,'07/10/2018')
insert into ninoActividad(nino_id,actividad_id,fecha_realizacion)
values(285,4,'06/10/2018')
insert into ninoActividad(nino_id,actividad_id,fecha_realizacion)
values(285,5,'06/04/2018')
insert into ninoActividad(nino_id,actividad_id,fecha_realizacion)
values(286,12,'09/04/2018')
insert into ninoActividad(nino_id,actividad_id,fecha_realizacion)
values(286,13,'08/04/2018')
insert into ninoActividad(nino_id,actividad_id,fecha_realizacion)
values(286,14,'05/21/2018')
insert into ninoActividad(nino_id,actividad_id,fecha_realizacion)
values(287,22,'03/04/2018')
insert into ninoActividad(nino_id,actividad_id,fecha_realizacion)
values(287,23,'06/20/2018')
insert into ninoActividad(nino_id,actividad_id,fecha_realizacion)
values(287,24,'04/05/2018')
insert into ninoActividad(nino_id,actividad_id,fecha_realizacion)
values(287,25,'06/20/2018')
insert into ninoActividad(nino_id,actividad_id,fecha_realizacion)
values(288,33,'06/07/2018')
insert into ninoActividad(nino_id,actividad_id,fecha_realizacion)
values(288,34,'01/24/2018')
insert into ninoActividad(nino_id,actividad_id,fecha_realizacion)
values(289,40,'02/14/2018')
insert into ninoActividad(nino_id,actividad_id,fecha_realizacion)
values(289,41,'03/07/2018')
insert into ninoActividad(nino_id,actividad_id,fecha_realizacion)
values(290,47,'06/04/2018')
insert into ninoActividad(nino_id,actividad_id,fecha_realizacion)
values(290,48,'07/14/2018')
insert into ninoActividad(nino_id,actividad_id,fecha_realizacion)
values(291,54,'03/08/2018')
insert into ninoActividad(nino_id,actividad_id,fecha_realizacion)
values(291,55,'03/04/2018')
insert into ninoActividad(nino_id,actividad_id,fecha_realizacion)
values(291,56,'04/26/2018')
insert into ninoActividad(nino_id,actividad_id,fecha_realizacion)
values(292,2,'01/10/2018')
insert into ninoActividad(nino_id,actividad_id,fecha_realizacion)
values(292,3,'02/23/2018')
insert into ninoActividad(nino_id,actividad_id,fecha_realizacion)
values(292,4,'06/08/2018')
insert into ninoActividad(nino_id,actividad_id,fecha_realizacion)
values(292,5,'02/04/2018')
insert into ninoActividad(nino_id,actividad_id,fecha_realizacion)
values(293,12,'03/08/2018')
insert into ninoActividad(nino_id,actividad_id,fecha_realizacion)
values(293,13,'05/25/2018')
insert into ninoActividad(nino_id,actividad_id,fecha_realizacion)
values(293,14,'03/04/2018')
insert into ninoActividad(nino_id,actividad_id,fecha_realizacion)
values(294,20,'07/20/2018')
insert into ninoActividad(nino_id,actividad_id,fecha_realizacion)
values(294,23,'07/29/2018')
insert into ninoActividad(nino_id,actividad_id,fecha_realizacion)
values(294,24,'02/07/2018')
insert into ninoActividad(nino_id,actividad_id,fecha_realizacion)
values(295,32,'01/10/2018')
insert into ninoActividad(nino_id,actividad_id,fecha_realizacion)
values(295,33,'02/10/2018')
insert into ninoActividad(nino_id,actividad_id,fecha_realizacion)
values(295,36,'03/10/2018')
insert into ninoActividad(nino_id,actividad_id,fecha_realizacion)
values(296,40,'04/10/2018')
insert into ninoActividad(nino_id,actividad_id,fecha_realizacion)
values(296,43,'04/20/2018')
insert into ninoActividad(nino_id,actividad_id,fecha_realizacion)
values(297,49,'05/26/2018')
insert into ninoActividad(nino_id,actividad_id,fecha_realizacion)
values(297,50,'08/07/2018')
insert into ninoActividad(nino_id,actividad_id,fecha_realizacion)
values(298,54,'06/07/2018')
insert into ninoActividad(nino_id,actividad_id,fecha_realizacion)
values(298,55,'05/25/2018')
insert into ninoActividad(nino_id,actividad_id,fecha_realizacion)
values(299,1,'04/04/2018')
insert into ninoActividad(nino_id,actividad_id,fecha_realizacion)
values(299,2,'06/08/2018')
insert into ninoActividad(nino_id,actividad_id,fecha_realizacion)
values(299,3,'04/07/2018')
insert into ninoActividad(nino_id,actividad_id,fecha_realizacion)
values(299,7,'08/07/2018')
insert into ninoActividad(nino_id,actividad_id,fecha_realizacion)
values(300,11,'07/08/2018')
insert into ninoActividad(nino_id,actividad_id,fecha_realizacion)
values(300,13,'05/04/2018')
insert into ninoActividad(nino_id,actividad_id,fecha_realizacion)
values(300,16,'05/08/2018')

select * from ninoActividad

---------------------------LLENANDO LA TABLA NIÑO UNIDAD-------------------------------
--select * from ninoUnidad
insert into ninoUnidad(nino_id,unidad_id,fecha)
values(201,1,'10/01/2017')
insert into ninoUnidad(nino_id,unidad_id,fecha)
values(202,2,'10/01/2017')
insert into ninoUnidad(nino_id,unidad_id,fecha)
values(203,3,'10/02/2017')
insert into ninoUnidad(nino_id,unidad_id,fecha)
values(204,4,'10/02/2017')
insert into ninoUnidad(nino_id,unidad_id,fecha)
values(205,5,'10/03/2017')
insert into ninoUnidad(nino_id,unidad_id,fecha)
values(206,6,'10/03/2017')
insert into ninoUnidad(nino_id,unidad_id,fecha)
values(207,7,'10/04/2017')
insert into ninoUnidad(nino_id,unidad_id,fecha)
values(208,8,'10/04/2017')
insert into ninoUnidad(nino_id,unidad_id,fecha)
values(209,9,'10/05/2017')
insert into ninoUnidad(nino_id,unidad_id,fecha)
values(210,10,'10/05/2017')
insert into ninoUnidad(nino_id,unidad_id,fecha)
values(211,11,'10/06/2017')
insert into ninoUnidad(nino_id,unidad_id,fecha)
values(212,12,'10/06/2017')
insert into ninoUnidad(nino_id,unidad_id,fecha)
values(213,13,'10/07/2017')
insert into ninoUnidad(nino_id,unidad_id,fecha)
values(214,14,'10/07/2017')
insert into ninoUnidad(nino_id,unidad_id,fecha)
values(215,15,'10/08/2017')
insert into ninoUnidad(nino_id,unidad_id,fecha)
values(216,16,'10/08/2017')
insert into ninoUnidad(nino_id,unidad_id,fecha)
values(217,17,'10/09/2017')
insert into ninoUnidad(nino_id,unidad_id,fecha)
values(218,18,'10/09/2017')
insert into ninoUnidad(nino_id,unidad_id,fecha)
values(219,19,'10/10/2017')
insert into ninoUnidad(nino_id,unidad_id,fecha)
values(220,20,'10/10/2017')
insert into ninoUnidad(nino_id,unidad_id,fecha)
values(221,1,'10/01/2017')
insert into ninoUnidad(nino_id,unidad_id,fecha)
values(222,2,'10/01/2017')
insert into ninoUnidad(nino_id,unidad_id,fecha)
values(223,3,'10/02/2017')
insert into ninoUnidad(nino_id,unidad_id,fecha)
values(224,4,'10/02/2017')
insert into ninoUnidad(nino_id,unidad_id,fecha)
values(225,5,'10/03/2017')
insert into ninoUnidad(nino_id,unidad_id,fecha)
values(226,6,'10/03/2017')
insert into ninoUnidad(nino_id,unidad_id,fecha)
values(227,7,'10/04/2017')
insert into ninoUnidad(nino_id,unidad_id,fecha)
values(228,8,'10/04/2017')
insert into ninoUnidad(nino_id,unidad_id,fecha)
values(229,9,'10/05/2017')
insert into ninoUnidad(nino_id,unidad_id,fecha)
values(230,10,'10/05/2017')
insert into ninoUnidad(nino_id,unidad_id,fecha)
values(231,11,'10/06/2017')
insert into ninoUnidad(nino_id,unidad_id,fecha)
values(232,12,'10/06/2017')
insert into ninoUnidad(nino_id,unidad_id,fecha)
values(233,13,'10/07/2017')
insert into ninoUnidad(nino_id,unidad_id,fecha)
values(234,14,'10/07/2017')
insert into ninoUnidad(nino_id,unidad_id,fecha)
values(235,15,'10/08/2017')
insert into ninoUnidad(nino_id,unidad_id,fecha)
values(236,16,'10/08/2017')
insert into ninoUnidad(nino_id,unidad_id,fecha)
values(237,17,'10/09/2017')
insert into ninoUnidad(nino_id,unidad_id,fecha)
values(238,18,'10/09/2017')
insert into ninoUnidad(nino_id,unidad_id,fecha)
values(239,19,'10/10/2017')
insert into ninoUnidad(nino_id,unidad_id,fecha)
values(240,20,'10/10/2017')
insert into ninoUnidad(nino_id,unidad_id,fecha)
values(241,1,'10/01/2017')
insert into ninoUnidad(nino_id,unidad_id,fecha)
values(242,2,'10/01/2017')
insert into ninoUnidad(nino_id,unidad_id,fecha)
values(243,3,'10/02/2017')
insert into ninoUnidad(nino_id,unidad_id,fecha)
values(244,4,'10/02/2017')
insert into ninoUnidad(nino_id,unidad_id,fecha)
values(245,5,'10/03/2017')
insert into ninoUnidad(nino_id,unidad_id,fecha)
values(246,6,'10/03/2017')
insert into ninoUnidad(nino_id,unidad_id,fecha)
values(247,7,'10/04/2017')
insert into ninoUnidad(nino_id,unidad_id,fecha)
values(248,8,'10/04/2017')
insert into ninoUnidad(nino_id,unidad_id,fecha)
values(249,9,'10/05/2017')
insert into ninoUnidad(nino_id,unidad_id,fecha)
values(250,10,'10/05/2017')
insert into ninoUnidad(nino_id,unidad_id,fecha)
values(251,11,'10/06/2017')
insert into ninoUnidad(nino_id,unidad_id,fecha)
values(252,12,'10/06/2017')
insert into ninoUnidad(nino_id,unidad_id,fecha)
values(253,13,'10/07/2017')
insert into ninoUnidad(nino_id,unidad_id,fecha)
values(254,14,'10/07/2017')
insert into ninoUnidad(nino_id,unidad_id,fecha)
values(255,15,'10/08/2017')
insert into ninoUnidad(nino_id,unidad_id,fecha)
values(256,16,'10/08/2017')
insert into ninoUnidad(nino_id,unidad_id,fecha)
values(257,17,'10/09/2017')
insert into ninoUnidad(nino_id,unidad_id,fecha)
values(258,18,'10/09/2017')
insert into ninoUnidad(nino_id,unidad_id,fecha)
values(259,19,'10/10/2017')
insert into ninoUnidad(nino_id,unidad_id,fecha)
values(260,20,'10/10/2017')
insert into ninoUnidad(nino_id,unidad_id,fecha)
values(261,1,'10/01/2017')
insert into ninoUnidad(nino_id,unidad_id,fecha)
values(262,2,'10/01/2017')
insert into ninoUnidad(nino_id,unidad_id,fecha)
values(263,3,'10/02/2017')
insert into ninoUnidad(nino_id,unidad_id,fecha)
values(264,4,'10/02/2017')
insert into ninoUnidad(nino_id,unidad_id,fecha)
values(265,5,'10/03/2017')
insert into ninoUnidad(nino_id,unidad_id,fecha)
values(266,6,'10/03/2017')
insert into ninoUnidad(nino_id,unidad_id,fecha)
values(267,7,'10/04/2017')
insert into ninoUnidad(nino_id,unidad_id,fecha)
values(268,8,'10/04/2017')
insert into ninoUnidad(nino_id,unidad_id,fecha)
values(269,9,'10/05/2017')
insert into ninoUnidad(nino_id,unidad_id,fecha)
values(270,10,'10/05/2017')
insert into ninoUnidad(nino_id,unidad_id,fecha)
values(271,11,'10/06/2017')
insert into ninoUnidad(nino_id,unidad_id,fecha)
values(272,12,'10/06/2017')
insert into ninoUnidad(nino_id,unidad_id,fecha)
values(273,13,'10/07/2017')
insert into ninoUnidad(nino_id,unidad_id,fecha)
values(274,14,'10/07/2017')
insert into ninoUnidad(nino_id,unidad_id,fecha)
values(275,15,'10/08/2017')
insert into ninoUnidad(nino_id,unidad_id,fecha)
values(276,16,'10/08/2017')
insert into ninoUnidad(nino_id,unidad_id,fecha)
values(277,17,'10/09/2017')
insert into ninoUnidad(nino_id,unidad_id,fecha)
values(278,18,'10/09/2017')
insert into ninoUnidad(nino_id,unidad_id,fecha)
values(279,19,'10/10/2017')
insert into ninoUnidad(nino_id,unidad_id,fecha)
values(280,20,'10/10/2017')
insert into ninoUnidad(nino_id,unidad_id,fecha)
values(281,1,'10/01/2017')
insert into ninoUnidad(nino_id,unidad_id,fecha)
values(282,2,'10/01/2017')
insert into ninoUnidad(nino_id,unidad_id,fecha)
values(283,3,'10/02/2017')
insert into ninoUnidad(nino_id,unidad_id,fecha)
values(284,4,'10/02/2017')
insert into ninoUnidad(nino_id,unidad_id,fecha)
values(285,5,'10/03/2017')
insert into ninoUnidad(nino_id,unidad_id,fecha)
values(286,6,'10/03/2017')
insert into ninoUnidad(nino_id,unidad_id,fecha)
values(287,7,'10/04/2017')
insert into ninoUnidad(nino_id,unidad_id,fecha)
values(288,8,'10/04/2017')
insert into ninoUnidad(nino_id,unidad_id,fecha)
values(289,9,'10/05/2017')
insert into ninoUnidad(nino_id,unidad_id,fecha)
values(290,10,'10/05/2017')
insert into ninoUnidad(nino_id,unidad_id,fecha)
values(291,11,'10/06/2017')
insert into ninoUnidad(nino_id,unidad_id,fecha)
values(292,12,'10/06/2017')
insert into ninoUnidad(nino_id,unidad_id,fecha)
values(293,13,'10/07/2017')
insert into ninoUnidad(nino_id,unidad_id,fecha)
values(294,14,'10/07/2017')
insert into ninoUnidad(nino_id,unidad_id,fecha)
values(295,15,'10/08/2017')
insert into ninoUnidad(nino_id,unidad_id,fecha)
values(296,16,'10/08/2017')
insert into ninoUnidad(nino_id,unidad_id,fecha)
values(297,17,'10/09/2017')
insert into ninoUnidad(nino_id,unidad_id,fecha)
values(298,18,'10/09/2017')
insert into ninoUnidad(nino_id,unidad_id,fecha)
values(299,19,'10/10/2017')
insert into ninoUnidad(nino_id,unidad_id,fecha)
values(300,20,'10/10/2017')

select * from ninoUnidad

---------------------------LLENANDO LA TABLA NIÑO CLASE-------------------------------
--select * from ninoClase
select * from nino
insert into ninoClase(nino_id,clase_id,fecha)
values(201,1,'01/01/2018')
insert into ninoClase(nino_id,clase_id,fecha)
values(202,2,'01/01/2018')
insert into ninoClase(nino_id,clase_id,fecha)
values(203,3,'01/01/2018')
insert into ninoClase(nino_id,clase_id,fecha)
values(204,4,'01/01/2018')
insert into ninoClase(nino_id,clase_id,fecha)
values(205,5,'01/01/2018')
insert into ninoClase(nino_id,clase_id,fecha)
values(206,6,'01/01/2018')
insert into ninoClase(nino_id,clase_id,fecha)
values(207,7,'01/01/2018')
insert into ninoClase(nino_id,clase_id,fecha)
values(208,1,'01/01/2018')
insert into ninoClase(nino_id,clase_id,fecha)
values(209,2,'01/01/2018')
insert into ninoClase(nino_id,clase_id,fecha)
values(210,3,'01/01/2018')
insert into ninoClase(nino_id,clase_id,fecha)
values(211,4,'01/01/2018')
insert into ninoClase(nino_id,clase_id,fecha)
values(212,5,'01/01/2018')
insert into ninoClase(nino_id,clase_id,fecha)
values(213,6,'01/01/2018')
insert into ninoClase(nino_id,clase_id,fecha)
values(214,7,'01/01/2018')
insert into ninoClase(nino_id,clase_id,fecha)
values(215,1,'01/01/2018')
insert into ninoClase(nino_id,clase_id,fecha)
values(216,2,'01/01/2018')
insert into ninoClase(nino_id,clase_id,fecha)
values(217,3,'01/01/2018')
insert into ninoClase(nino_id,clase_id,fecha)
values(218,4,'01/01/2018')
insert into ninoClase(nino_id,clase_id,fecha)
values(219,5,'01/01/2018')
insert into ninoClase(nino_id,clase_id,fecha)
values(220,6,'01/01/2018')
insert into ninoClase(nino_id,clase_id,fecha)
values(221,7,'01/01/2018')
insert into ninoClase(nino_id,clase_id,fecha)
values(222,1,'01/01/2018')
insert into ninoClase(nino_id,clase_id,fecha)
values(223,2,'01/01/2018')
insert into ninoClase(nino_id,clase_id,fecha)
values(224,3,'01/01/2018')
insert into ninoClase(nino_id,clase_id,fecha)
values(225,4,'01/01/2018')
insert into ninoClase(nino_id,clase_id,fecha)
values(226,5,'01/01/2018')
insert into ninoClase(nino_id,clase_id,fecha)
values(227,6,'01/01/2018')
insert into ninoClase(nino_id,clase_id,fecha)
values(228,7,'01/01/2018')
insert into ninoClase(nino_id,clase_id,fecha)
values(229,1,'01/01/2018')
insert into ninoClase(nino_id,clase_id,fecha)
values(230,2,'01/01/2018')
insert into ninoClase(nino_id,clase_id,fecha)
values(231,3,'01/01/2018')
insert into ninoClase(nino_id,clase_id,fecha)
values(232,4,'01/01/2018')
insert into ninoClase(nino_id,clase_id,fecha)
values(233,5,'01/01/2018')
insert into ninoClase(nino_id,clase_id,fecha)
values(234,6,'01/01/2018')
insert into ninoClase(nino_id,clase_id,fecha)
values(235,7,'01/01/2018')
insert into ninoClase(nino_id,clase_id,fecha)
values(236,1,'01/01/2018')
insert into ninoClase(nino_id,clase_id,fecha)
values(237,2,'01/01/2018')
insert into ninoClase(nino_id,clase_id,fecha)
values(238,3,'01/01/2018')
insert into ninoClase(nino_id,clase_id,fecha)
values(239,4,'01/01/2018')
insert into ninoClase(nino_id,clase_id,fecha)
values(240,5,'01/01/2018')
insert into ninoClase(nino_id,clase_id,fecha)
values(241,6,'01/01/2018')
insert into ninoClase(nino_id,clase_id,fecha)
values(242,7,'01/01/2018')
insert into ninoClase(nino_id,clase_id,fecha)
values(243,1,'01/01/2018')
insert into ninoClase(nino_id,clase_id,fecha)
values(244,2,'01/01/2018')
insert into ninoClase(nino_id,clase_id,fecha)
values(245,3,'01/01/2018')
insert into ninoClase(nino_id,clase_id,fecha)
values(246,4,'01/01/2018')
insert into ninoClase(nino_id,clase_id,fecha)
values(247,5,'01/01/2018')
insert into ninoClase(nino_id,clase_id,fecha)
values(248,6,'01/01/2018')
insert into ninoClase(nino_id,clase_id,fecha)
values(249,7,'01/01/2018')
insert into ninoClase(nino_id,clase_id,fecha)
values(250,1,'01/01/2018')
insert into ninoClase(nino_id,clase_id,fecha)
values(251,2,'01/01/2018')
insert into ninoClase(nino_id,clase_id,fecha)
values(252,3,'01/01/2018')
insert into ninoClase(nino_id,clase_id,fecha)
values(253,4,'01/01/2018')
insert into ninoClase(nino_id,clase_id,fecha)
values(254,5,'01/01/2018')
insert into ninoClase(nino_id,clase_id,fecha)
values(255,6,'01/01/2018')
insert into ninoClase(nino_id,clase_id,fecha)
values(256,7,'01/01/2018')
insert into ninoClase(nino_id,clase_id,fecha)
values(257,1,'01/01/2018')
insert into ninoClase(nino_id,clase_id,fecha)
values(258,2,'01/01/2018')
insert into ninoClase(nino_id,clase_id,fecha)
values(259,3,'01/01/2018')
insert into ninoClase(nino_id,clase_id,fecha)
values(260,4,'01/01/2018')
insert into ninoClase(nino_id,clase_id,fecha)
values(261,5,'01/01/2018')
insert into ninoClase(nino_id,clase_id,fecha)
values(262,6,'01/01/2018')
insert into ninoClase(nino_id,clase_id,fecha)
values(263,7,'01/01/2018')
insert into ninoClase(nino_id,clase_id,fecha)
values(264,1,'01/01/2018')
insert into ninoClase(nino_id,clase_id,fecha)
values(265,2,'01/01/2018')
insert into ninoClase(nino_id,clase_id,fecha)
values(266,3,'01/01/2018')
insert into ninoClase(nino_id,clase_id,fecha)
values(267,4,'01/01/2018')
insert into ninoClase(nino_id,clase_id,fecha)
values(268,5,'01/01/2018')
insert into ninoClase(nino_id,clase_id,fecha)
values(269,6,'01/01/2018')
insert into ninoClase(nino_id,clase_id,fecha)
values(270,7,'01/01/2018')
insert into ninoClase(nino_id,clase_id,fecha)
values(271,1,'01/01/2018')
insert into ninoClase(nino_id,clase_id,fecha)
values(272,2,'01/01/2018')
insert into ninoClase(nino_id,clase_id,fecha)
values(273,3,'01/01/2018')
insert into ninoClase(nino_id,clase_id,fecha)
values(274,4,'01/01/2018')
insert into ninoClase(nino_id,clase_id,fecha)
values(275,5,'01/01/2018')
insert into ninoClase(nino_id,clase_id,fecha)
values(276,6,'01/01/2018')
insert into ninoClase(nino_id,clase_id,fecha)
values(277,7,'01/01/2018')
insert into ninoClase(nino_id,clase_id,fecha)
values(278,1,'01/01/2018')
insert into ninoClase(nino_id,clase_id,fecha)
values(279,2,'01/01/2018')
insert into ninoClase(nino_id,clase_id,fecha)
values(280,3,'01/01/2018')
insert into ninoClase(nino_id,clase_id,fecha)
values(281,4,'01/01/2018')
insert into ninoClase(nino_id,clase_id,fecha)
values(282,5,'01/01/2018')
insert into ninoClase(nino_id,clase_id,fecha)
values(283,6,'01/01/2018')
insert into ninoClase(nino_id,clase_id,fecha)
values(284,7,'01/01/2018')
insert into ninoClase(nino_id,clase_id,fecha)
values(285,1,'01/01/2018')
insert into ninoClase(nino_id,clase_id,fecha)
values(286,2,'01/01/2018')
insert into ninoClase(nino_id,clase_id,fecha)
values(287,3,'01/01/2018')
insert into ninoClase(nino_id,clase_id,fecha)
values(288,4,'01/01/2018')
insert into ninoClase(nino_id,clase_id,fecha)
values(289,5,'01/01/2018')
insert into ninoClase(nino_id,clase_id,fecha)
values(290,6,'01/01/2018')
insert into ninoClase(nino_id,clase_id,fecha)
values(291,7,'01/01/2018')
insert into ninoClase(nino_id,clase_id,fecha)
values(292,1,'01/01/2018')
insert into ninoClase(nino_id,clase_id,fecha)
values(293,2,'01/01/2018')
insert into ninoClase(nino_id,clase_id,fecha)
values(294,3,'01/01/2018')
insert into ninoClase(nino_id,clase_id,fecha)
values(295,4,'01/01/2018')
insert into ninoClase(nino_id,clase_id,fecha)
values(296,5,'01/01/2018')
insert into ninoClase(nino_id,clase_id,fecha)
values(297,6,'01/01/2018')
insert into ninoClase(nino_id,clase_id,fecha)
values(298,7,'01/01/2018')
insert into ninoClase(nino_id,clase_id,fecha)
values(299,1,'01/01/2018')
insert into ninoClase(nino_id,clase_id,fecha)
values(300,2,'01/01/2018')
select * from ninoClase

------------------------LLENANDO LA TABLA HISTORIAL TRABAJADOR----------------------------
--select * from HistorialTrabajador
insert into HistorialTrabajador(trabajador_id,club_id,fecha)
values(1,1,'08/10/2017')
insert into HistorialTrabajador(trabajador_id,club_id,fecha)
values(2,2,'08/10/2017')
insert into HistorialTrabajador(trabajador_id,club_id,fecha)
values(3,3,'08/10/2017')
insert into HistorialTrabajador(trabajador_id,club_id,fecha)
values(4,4,'08/10/2017')
insert into HistorialTrabajador(trabajador_id,club_id,fecha)
values(5,5,'08/10/2017')
insert into HistorialTrabajador(trabajador_id,club_id,fecha)
values(6,6,'08/10/2017')
insert into HistorialTrabajador(trabajador_id,club_id,fecha)
values(7,7,'08/10/2017')
insert into HistorialTrabajador(trabajador_id,club_id,fecha)
values(8,8,'08/10/2017')
insert into HistorialTrabajador(trabajador_id,club_id,fecha)
values(9,9,'08/10/2017')
insert into HistorialTrabajador(trabajador_id,club_id,fecha)
values(10,10,'08/10/2017')
insert into HistorialTrabajador(trabajador_id,club_id,fecha)
values(11,1,'08/10/2017')
insert into HistorialTrabajador(trabajador_id,club_id,fecha)
values(12,2,'08/10/2017')
insert into HistorialTrabajador(trabajador_id,club_id,fecha)
values(13,3,'08/10/2017')
insert into HistorialTrabajador(trabajador_id,club_id,fecha)
values(14,4,'08/10/2017')
insert into HistorialTrabajador(trabajador_id,club_id,fecha)
values(15,5,'08/10/2017')
insert into HistorialTrabajador(trabajador_id,club_id,fecha)
values(16,6,'08/10/2017')
insert into HistorialTrabajador(trabajador_id,club_id,fecha)
values(17,7,'08/10/2017')
insert into HistorialTrabajador(trabajador_id,club_id,fecha)
values(18,8,'08/10/2017')
insert into HistorialTrabajador(trabajador_id,club_id,fecha)
values(19,9,'08/10/2017')
insert into HistorialTrabajador(trabajador_id,club_id,fecha)
values(20,10,'08/10/2017')
insert into HistorialTrabajador(trabajador_id,club_id,fecha)
values(21,1,'08/10/2017')
insert into HistorialTrabajador(trabajador_id,club_id,fecha)
values(22,2,'08/10/2017')
insert into HistorialTrabajador(trabajador_id,club_id,fecha)
values(23,3,'08/10/2017')
insert into HistorialTrabajador(trabajador_id,club_id,fecha)
values(24,4,'08/10/2017')
insert into HistorialTrabajador(trabajador_id,club_id,fecha)
values(25,5,'08/10/2017')
insert into HistorialTrabajador(trabajador_id,club_id,fecha)
values(26,6,'08/10/2017')
insert into HistorialTrabajador(trabajador_id,club_id,fecha)
values(27,7,'08/10/2017')
insert into HistorialTrabajador(trabajador_id,club_id,fecha)
values(28,8,'08/10/2017')
insert into HistorialTrabajador(trabajador_id,club_id,fecha)
values(29,9,'08/10/2017')
insert into HistorialTrabajador(trabajador_id,club_id,fecha)
values(30,10,'08/10/2017')
insert into HistorialTrabajador(trabajador_id,club_id,fecha)
values(31,1,'08/10/2017')
insert into HistorialTrabajador(trabajador_id,club_id,fecha)
values(32,2,'08/10/2017')
insert into HistorialTrabajador(trabajador_id,club_id,fecha)
values(33,3,'08/10/2017')
insert into HistorialTrabajador(trabajador_id,club_id,fecha)
values(34,4,'08/10/2017')
insert into HistorialTrabajador(trabajador_id,club_id,fecha)
values(35,5,'08/10/2017')
insert into HistorialTrabajador(trabajador_id,club_id,fecha)
values(36,6,'08/10/2017')
insert into HistorialTrabajador(trabajador_id,club_id,fecha)
values(37,7,'08/10/2017')
insert into HistorialTrabajador(trabajador_id,club_id,fecha)
values(38,8,'08/10/2017')
insert into HistorialTrabajador(trabajador_id,club_id,fecha)
values(39,9,'08/10/2017')
insert into HistorialTrabajador(trabajador_id,club_id,fecha)
values(40,10,'08/10/2017')
insert into HistorialTrabajador(trabajador_id,club_id,fecha)
values(41,1,'08/10/2017')
insert into HistorialTrabajador(trabajador_id,club_id,fecha)
values(42,2,'08/10/2017')
insert into HistorialTrabajador(trabajador_id,club_id,fecha)
values(43,3,'08/10/2017')
insert into HistorialTrabajador(trabajador_id,club_id,fecha)
values(44,4,'08/10/2017')
insert into HistorialTrabajador(trabajador_id,club_id,fecha)
values(45,5,'08/10/2017')
insert into HistorialTrabajador(trabajador_id,club_id,fecha)
values(46,6,'08/10/2017')
insert into HistorialTrabajador(trabajador_id,club_id,fecha)
values(47,7,'08/10/2017')
insert into HistorialTrabajador(trabajador_id,club_id,fecha)
values(48,8,'08/10/2017')
insert into HistorialTrabajador(trabajador_id,club_id,fecha)
values(49,9,'08/10/2017')
insert into HistorialTrabajador(trabajador_id,club_id,fecha)
values(50,10,'08/10/2017')
insert into HistorialTrabajador(trabajador_id,club_id,fecha)
values(51,1,'08/10/2017')
insert into HistorialTrabajador(trabajador_id,club_id,fecha)
values(52,2,'08/10/2017')
insert into HistorialTrabajador(trabajador_id,club_id,fecha)
values(53,3,'08/10/2017')
insert into HistorialTrabajador(trabajador_id,club_id,fecha)
values(54,4,'08/10/2017')
insert into HistorialTrabajador(trabajador_id,club_id,fecha)
values(55,5,'08/10/2017')
insert into HistorialTrabajador(trabajador_id,club_id,fecha)
values(56,6,'08/10/2017')
insert into HistorialTrabajador(trabajador_id,club_id,fecha)
values(57,7,'08/10/2017')
insert into HistorialTrabajador(trabajador_id,club_id,fecha)
values(58,8,'08/10/2017')
insert into HistorialTrabajador(trabajador_id,club_id,fecha)
values(59,9,'08/10/2017')
insert into HistorialTrabajador(trabajador_id,club_id,fecha)
values(60,10,'08/10/2017')
insert into HistorialTrabajador(trabajador_id,club_id,fecha)
values(61,1,'08/10/2017')
insert into HistorialTrabajador(trabajador_id,club_id,fecha)
values(62,2,'08/10/2017')
insert into HistorialTrabajador(trabajador_id,club_id,fecha)
values(63,3,'08/10/2017')
insert into HistorialTrabajador(trabajador_id,club_id,fecha)
values(64,4,'08/10/2017')
insert into HistorialTrabajador(trabajador_id,club_id,fecha)
values(65,5,'08/10/2017')
insert into HistorialTrabajador(trabajador_id,club_id,fecha)
values(66,6,'08/10/2017')
insert into HistorialTrabajador(trabajador_id,club_id,fecha)
values(67,7,'08/10/2017')
insert into HistorialTrabajador(trabajador_id,club_id,fecha)
values(68,8,'08/10/2017')
insert into HistorialTrabajador(trabajador_id,club_id,fecha)
values(69,9,'08/10/2017')
insert into HistorialTrabajador(trabajador_id,club_id,fecha)
values(70,10,'08/10/2017')
insert into HistorialTrabajador(trabajador_id,club_id,fecha)
values(71,1,'08/10/2017')
insert into HistorialTrabajador(trabajador_id,club_id,fecha)
values(72,2,'08/10/2017')
insert into HistorialTrabajador(trabajador_id,club_id,fecha)
values(73,3,'08/10/2017')
insert into HistorialTrabajador(trabajador_id,club_id,fecha)
values(74,4,'08/10/2017')
insert into HistorialTrabajador(trabajador_id,club_id,fecha)
values(75,5,'08/10/2017')
insert into HistorialTrabajador(trabajador_id,club_id,fecha)
values(76,6,'08/10/2017')
insert into HistorialTrabajador(trabajador_id,club_id,fecha)
values(77,7,'08/10/2017')
insert into HistorialTrabajador(trabajador_id,club_id,fecha)
values(78,8,'08/10/2017')
insert into HistorialTrabajador(trabajador_id,club_id,fecha)
values(79,9,'08/10/2017')
insert into HistorialTrabajador(trabajador_id,club_id,fecha)
values(80,10,'08/10/2017')
insert into HistorialTrabajador(trabajador_id,club_id,fecha)
values(81,1,'08/10/2017')
insert into HistorialTrabajador(trabajador_id,club_id,fecha)
values(82,2,'08/10/2017')
insert into HistorialTrabajador(trabajador_id,club_id,fecha)
values(83,3,'08/10/2017')
insert into HistorialTrabajador(trabajador_id,club_id,fecha)
values(84,4,'08/10/2017')
insert into HistorialTrabajador(trabajador_id,club_id,fecha)
values(85,5,'08/10/2017')
insert into HistorialTrabajador(trabajador_id,club_id,fecha)
values(86,6,'08/10/2017')
insert into HistorialTrabajador(trabajador_id,club_id,fecha)
values(87,7,'08/10/2017')
insert into HistorialTrabajador(trabajador_id,club_id,fecha)
values(88,8,'08/10/2017')
insert into HistorialTrabajador(trabajador_id,club_id,fecha)
values(89,9,'08/10/2017')
insert into HistorialTrabajador(trabajador_id,club_id,fecha)
values(90,10,'08/10/2017')
insert into HistorialTrabajador(trabajador_id,club_id,fecha)
values(91,1,'08/10/2017')
insert into HistorialTrabajador(trabajador_id,club_id,fecha)
values(92,2,'08/10/2017')
insert into HistorialTrabajador(trabajador_id,club_id,fecha)
values(93,3,'08/10/2017')
insert into HistorialTrabajador(trabajador_id,club_id,fecha)
values(94,4,'08/10/2017')
insert into HistorialTrabajador(trabajador_id,club_id,fecha)
values(95,5,'08/10/2017')
insert into HistorialTrabajador(trabajador_id,club_id,fecha)
values(96,6,'08/10/2017')
insert into HistorialTrabajador(trabajador_id,club_id,fecha)
values(97,7,'08/10/2017')
insert into HistorialTrabajador(trabajador_id,club_id,fecha)
values(98,8,'08/10/2017')
insert into HistorialTrabajador(trabajador_id,club_id,fecha)
values(99,9,'08/10/2017')
insert into HistorialTrabajador(trabajador_id,club_id,fecha)
values(100,10,'08/10/2017')
select * from HistorialTrabajador

-------------------------LLENANDO LA TABLA PADRE NIÑO----------------------------
--select * from Padre_Nino
insert into Padre_Nino(IDPapa,IDNino)
values(101,201)
insert into Padre_Nino(IDPapa,IDNino)
values(102,202)
insert into Padre_Nino(IDPapa,IDNino)
values(103,203)
insert into Padre_Nino(IDPapa,IDNino)
values(104,204)
insert into Padre_Nino(IDPapa,IDNino)
values(105,205)
insert into Padre_Nino(IDPapa,IDNino)
values(106,206)
insert into Padre_Nino(IDPapa,IDNino)
values(107,207)
insert into Padre_Nino(IDPapa,IDNino)
values(108,208)
insert into Padre_Nino(IDPapa,IDNino)
values(109,209)
insert into Padre_Nino(IDPapa,IDNino)
values(110,210)
insert into Padre_Nino(IDPapa,IDNino)
values(111,211)
insert into Padre_Nino(IDPapa,IDNino)
values(112,212)
insert into Padre_Nino(IDPapa,IDNino)
values(113,213)
insert into Padre_Nino(IDPapa,IDNino)
values(114,214)
insert into Padre_Nino(IDPapa,IDNino)
values(115,215)
insert into Padre_Nino(IDPapa,IDNino)
values(116,216)
insert into Padre_Nino(IDPapa,IDNino)
values(117,217)
insert into Padre_Nino(IDPapa,IDNino)
values(118,218)
insert into Padre_Nino(IDPapa,IDNino)
values(119,219)
insert into Padre_Nino(IDPapa,IDNino)
values(120,220)
insert into Padre_Nino(IDPapa,IDNino)
values(121,221)
insert into Padre_Nino(IDPapa,IDNino)
values(122,222)
insert into Padre_Nino(IDPapa,IDNino)
values(123,223)
insert into Padre_Nino(IDPapa,IDNino)
values(124,224)
insert into Padre_Nino(IDPapa,IDNino)
values(125,225)
insert into Padre_Nino(IDPapa,IDNino)
values(126,226)
insert into Padre_Nino(IDPapa,IDNino)
values(127,227)
insert into Padre_Nino(IDPapa,IDNino)
values(128,228)
insert into Padre_Nino(IDPapa,IDNino)
values(129,229)
insert into Padre_Nino(IDPapa,IDNino)
values(130,230)
insert into Padre_Nino(IDPapa,IDNino)
values(131,231)
insert into Padre_Nino(IDPapa,IDNino)
values(132,232)
insert into Padre_Nino(IDPapa,IDNino)
values(133,233)
insert into Padre_Nino(IDPapa,IDNino)
values(134,234)
insert into Padre_Nino(IDPapa,IDNino)
values(135,235)
insert into Padre_Nino(IDPapa,IDNino)
values(136,236)
insert into Padre_Nino(IDPapa,IDNino)
values(137,237)
insert into Padre_Nino(IDPapa,IDNino)
values(138,238)
insert into Padre_Nino(IDPapa,IDNino)
values(139,239)
insert into Padre_Nino(IDPapa,IDNino)
values(140,240)
insert into Padre_Nino(IDPapa,IDNino)
values(141,241)
insert into Padre_Nino(IDPapa,IDNino)
values(142,242)
insert into Padre_Nino(IDPapa,IDNino)
values(143,243)
insert into Padre_Nino(IDPapa,IDNino)
values(144,244)
insert into Padre_Nino(IDPapa,IDNino)
values(145,245)
insert into Padre_Nino(IDPapa,IDNino)
values(146,246)
insert into Padre_Nino(IDPapa,IDNino)
values(147,247)
insert into Padre_Nino(IDPapa,IDNino)
values(148,248)
insert into Padre_Nino(IDPapa,IDNino)
values(149,249)
insert into Padre_Nino(IDPapa,IDNino)
values(150,250)
insert into Padre_Nino(IDPapa,IDNino)
values(151,251)
insert into Padre_Nino(IDPapa,IDNino)
values(152,252)
insert into Padre_Nino(IDPapa,IDNino)
values(153,253)
insert into Padre_Nino(IDPapa,IDNino)
values(154,254)
insert into Padre_Nino(IDPapa,IDNino)
values(155,255)
insert into Padre_Nino(IDPapa,IDNino)
values(156,256)
insert into Padre_Nino(IDPapa,IDNino)
values(157,257)
insert into Padre_Nino(IDPapa,IDNino)
values(158,258)
insert into Padre_Nino(IDPapa,IDNino)
values(159,259)
insert into Padre_Nino(IDPapa,IDNino)
values(160,260)
insert into Padre_Nino(IDPapa,IDNino)
values(161,261)
insert into Padre_Nino(IDPapa,IDNino)
values(162,262)
insert into Padre_Nino(IDPapa,IDNino)
values(163,263)
insert into Padre_Nino(IDPapa,IDNino)
values(164,264)
insert into Padre_Nino(IDPapa,IDNino)
values(165,265)
insert into Padre_Nino(IDPapa,IDNino)
values(166,266)
insert into Padre_Nino(IDPapa,IDNino)
values(167,267)
insert into Padre_Nino(IDPapa,IDNino)
values(168,268)
insert into Padre_Nino(IDPapa,IDNino)
values(169,269)
insert into Padre_Nino(IDPapa,IDNino)
values(170,270)
insert into Padre_Nino(IDPapa,IDNino)
values(171,271)
insert into Padre_Nino(IDPapa,IDNino)
values(172,272)
insert into Padre_Nino(IDPapa,IDNino)
values(173,273)
insert into Padre_Nino(IDPapa,IDNino)
values(174,274)
insert into Padre_Nino(IDPapa,IDNino)
values(175,275)
insert into Padre_Nino(IDPapa,IDNino)
values(176,276)
insert into Padre_Nino(IDPapa,IDNino)
values(177,277)
insert into Padre_Nino(IDPapa,IDNino)
values(178,278)
insert into Padre_Nino(IDPapa,IDNino)
values(179,279)
insert into Padre_Nino(IDPapa,IDNino)
values(180,280)
insert into Padre_Nino(IDPapa,IDNino)
values(181,281)
insert into Padre_Nino(IDPapa,IDNino)
values(182,282)
insert into Padre_Nino(IDPapa,IDNino)
values(183,283)
insert into Padre_Nino(IDPapa,IDNino)
values(184,284)
insert into Padre_Nino(IDPapa,IDNino)
values(185,285)
insert into Padre_Nino(IDPapa,IDNino)
values(186,286)
insert into Padre_Nino(IDPapa,IDNino)
values(187,287)
insert into Padre_Nino(IDPapa,IDNino)
values(188,288)
insert into Padre_Nino(IDPapa,IDNino)
values(189,289)
insert into Padre_Nino(IDPapa,IDNino)
values(190,290)
insert into Padre_Nino(IDPapa,IDNino)
values(191,291)
insert into Padre_Nino(IDPapa,IDNino)
values(192,292)
insert into Padre_Nino(IDPapa,IDNino)
values(193,293)
insert into Padre_Nino(IDPapa,IDNino)
values(194,294)
insert into Padre_Nino(IDPapa,IDNino)
values(195,295)
insert into Padre_Nino(IDPapa,IDNino)
values(196,296)
insert into Padre_Nino(IDPapa,IDNino)
values(197,297)
insert into Padre_Nino(IDPapa,IDNino)
values(198,298)
insert into Padre_Nino(IDPapa,IDNino)
values(199,299)
insert into Padre_Nino(IDPapa,IDNino)
values(200,300)

select * from Padre_Nino
