se ConquistadoresBD
go

 -----------------------LLENANDO LA TABLA CLUB----------------------------
 --select * from Club
 insert into Club (nombre,calle,colonia,codigo_postal,logo_tipo)
 values('Country club','Los Pinos','Patria','80120','Un pino')
 insert into Club (nombre,calle,colonia,codigo_postal,logo_tipo)
 values('Kid club','La conquista','Cucul','50789','Un perico')
 insert into Club (nombre,calle,colonia,codigo_postal,logo_tipo)
 values('City club','Obregon','Centro','10241','Un edificio')
 insert into Club (nombre,calle,colonia,codigo_postal,logo_tipo)
 values('Chunny club','Las americas','Lomas','20436','Un conejo')
 insert into Club (nombre,calle,colonia,codigo_postal,logo_tipo)
 values('Space club','La madrid','Nueva cordoba','40000','El planeta venus')
 insert into Club (nombre,calle,colonia,codigo_postal,logo_tipo)
 values('Sunny club','Alameda','Sin bandera','20369','Un sol')
 insert into Club (nombre,calle,colonia,codigo_postal,logo_tipo)
 values('Teds club','Los prados','Ayala','70585','Un oso')
 insert into Club (nombre,calle,colonia,codigo_postal,logo_tipo)
 values('Barly club','San Vicente','Los ramos','20774','Una tortuga')
 insert into Club (nombre,calle,colonia,codigo_postal,logo_tipo)
 values('Roco club','La Rambla','Génova','10892','Un dinosaurio')
 insert into Club (nombre,calle,colonia,codigo_postal,logo_tipo)
 values('Snow club','Rotonda','El barrio','60249','Un mono de nieve')
 select * from Club

 ---------------------LLENANDO LA TABLA CAMPAMENTO------------------------
 --select * from campamento
--CAMPAMENTO PARA CHICAS
insert into campamento(nombre,fecha,calle,colonia)
 values('Girls aventura','10/15/2017','Clutier','Barranchos')
 insert into campamento(nombre,fecha,calle,colonia)
 values('El chaparral girls','11/15/2017','Nuevo viejo','Cañadas')
 insert into campamento(nombre,fecha,calle,colonia)
 values('La flor','12/15/2017','La vistita','El mirador')
 insert into campamento(nombre,fecha,calle,colonia)
 values('Luna nueva girls','01/15/2018','Terranova','Bugambilias')
 insert into campamento(nombre,fecha,calle,colonia)
 values('Amanecer girls','02/15/2018','Los pitufos','Vallado')
 insert into campamento(nombre,fecha,calle,colonia)
 values('Girls night','03/15/2018','Villa nueva','Nuevo Culiacán')
 insert into campamento(nombre,fecha,calle,colonia)
 values('Christmas girls','04/15/2018','La imperial','Estanza')
 insert into campamento(nombre,fecha,calle,colonia)
 values('El reencuentro girls','05/15/2018','Pazcual','Guadalupe')
 insert into campamento(nombre,fecha,calle,colonia)
 values('Las perdidas girls','06/15/2018','Orozco','Universitaria')
 insert into campamento(nombre,fecha,calle,colonia)
 values('Dulce o truco girls','07/15/2018','Bistrol','El congreso')
 insert into campamento(nombre,fecha,calle,colonia)
--CAMPAMENTO PARA CHICOS
 values('Boys aventura','10/15/2017','Bistrol','El congreso')
 insert into campamento(nombre,fecha,calle,colonia)
 values('El chaparral boys','11/15/2017','Orozco','Universitaria')
 insert into campamento(nombre,fecha,calle,colonia)
 values('El pino','12/15/2017','La vistita','El mirador')
 insert into campamento(nombre,fecha,calle,colonia)
 values('Luna nueva boys','01/15/2018','Pazcual','Guadalupe')
 insert into campamento(nombre,fecha,calle,colonia)
 values('Amanecer boys','02/15/2018','La imperial','Estanza')
 insert into campamento(nombre,fecha,calle,colonia)
 values('Boys night','03/15/2018','Clutier','Barranchos')
 insert into campamento(nombre,fecha,calle,colonia)
 values('Christmas boys','04/15/2018','Nuevo viejo','Cañadas')
 insert into campamento(nombre,fecha,calle,colonia)
 values('El reencuentro boys','05/15/2018','Terranova','Bugambilias')
 insert into campamento(nombre,fecha,calle,colonia)
 values('Los perdidos boys','06/15/2018','Los pitufos','Vallado')
 insert into campamento(nombre,fecha,calle,colonia)
 values('Dulce o truco boys','07/15/2018','Villa nueva','Nuevo Culiacán')

 select * from campamento

---------------------LLENANDO LA TABLA TIPO EMPLEADO------------------------
--select * from tipoEmpleado
 insert into tipoEmpleado(nombre)
 values('Director')
 insert into tipoEmpleado(nombre)
 values('Subdirector') 
 insert into tipoEmpleado(nombre)
 values('Secretario')
 insert into tipoEmpleado(nombre)
 values('Tesorero')
 insert into tipoEmpleado(nombre)
 values('Instructor')
 insert into tipoEmpleado(nombre)
 values('Consejero')
 select * from tipoEmpleado

--------------------------LLENANDO LA TABLA CLASE------------------------------
--select * from clase
 insert into clase(nombre,color,Rango_Edad)
 values('A','Rojo',10)
 insert into clase(nombre,color,Rango_Edad)
 values('B','Amarillo',11)
 insert into clase(nombre,color,Rango_Edad)
 values('C','Turquesa',12)
 insert into clase(nombre,color,Rango_Edad)
 values('D','Rosa',13)
 insert into clase(nombre,color,Rango_Edad)
 values('E','Cafe',14)
 insert into clase(nombre,color,Rango_Edad)
 values('F','Verde',15)
 insert into clase(nombre,color,Rango_Edad)
 values('Guía Mayor','Blanco',16)

 select * from clase

 
 --------------------LLENANDO LA TABLA ESPECIALIDAD-----------------------
--select * from especialidad
 insert into especialidad(nombre,descrip,clase_id)
 values('Atleta','Dominio en el deporte',1)
 insert into especialidad(nombre,descrip,clase_id)
 values('Primeros auxilios','Dominio en la salud',7)
 insert into especialidad(nombre,descrip,clase_id)
 values('Ecología','Dominio en todo el entorno animal',2)
 insert into especialidad(nombre,descrip,clase_id)
 values('Historiador','Saber sobre cultura general',4)
 insert into especialidad(nombre,descrip,clase_id)
 values('Artista','Dominio en las artes manuales',3)
 insert into especialidad(nombre,descrip,clase_id)
 values('Seguridad','Capacidad de defensa propia',6)
 insert into especialidad(nombre,descrip,clase_id)
 values('Humanidades','Capacidad de apoyo al projimo',5)


 select * from especialidad
 


 ------------------------LLENANDO LA TABLA ACTIVIDAD---------------------------
 --select * from actividad
  ------------- CLASE 1
 insert into actividad(nombre)
 values('Ciclismo')
 insert into actividad(nombre)
 values('Voleibol')
 insert into actividad(nombre)
 values('Beisbol')
 insert into actividad(nombre)
 values('Sóftbol')
 insert into actividad(nombre)
 values('Futbol')
 insert into actividad(nombre)
 values('Ajedrez')
 insert into actividad(nombre)
 values('Patinaje')

  -------------ESPECIALIDAD CLASE 1
 insert into actividad(nombre)
 values('Atletismo')
 insert into actividad(nombre)
 values('Deportes en equipo')
 insert into actividad(nombre)
 values('Natación')
  
  ------------- CLASE 2
 insert into actividad(nombre)
 values('Zoología')
 insert into actividad(nombre)
 values('Jardinería')
 insert into actividad(nombre)
 values('Ecologia')
 insert into actividad(nombre)
 values('Biología')
 insert into actividad(nombre)
 values('Agricultura')
 insert into actividad(nombre)
 values('Herbologia')
 
 -------------ESPECIALIDAD CLASE 2
 insert into actividad(nombre)
 values('Botánica')
 insert into actividad(nombre)
 values('Ornitología')
 insert into actividad(nombre)
 values('Ecosistema')


  ------------- CLASE 3
 insert into actividad(nombre)
 values('Pintura')
 insert into actividad(nombre)
 values('Danza')
 insert into actividad(nombre)
 values('Canto')
 insert into actividad(nombre)
 values('Guitarra')
 insert into actividad(nombre)
 values('Flauta')
 insert into actividad(nombre)
 values('Banda de guerra')
 insert into actividad(nombre)
 values('Fotografia')
 insert into actividad(nombre)
 values('Bordado')
 
  -------------ESPECIALIDAD CLASE 3
 insert into actividad(nombre)
 values('Artesanía')
 insert into actividad(nombre)
 values('Danza folklorica')
 insert into actividad(nombre)
 values('Tejido')
 insert into actividad(nombre)
 values('Coro') 

  ------------- CLASE 4
 insert into actividad(nombre)
 values('Lectura')
 insert into actividad(nombre)
 values('Historia')
 insert into actividad(nombre)
 values('Ortografía')
 insert into actividad(nombre)
 values('Oratoria')
 insert into actividad(nombre)
 values('Regionalismo')

  -------------ESPECIALIDAD CLASE 4
 insert into actividad(nombre)
 values('Cultura general')
 insert into actividad(nombre)
 values('Indigenismo')
 insert into actividad(nombre)
 values('Coleccionista')


 ------------ CLASE 5
 insert into actividad(nombre)
 values('Civismo')
 insert into actividad(nombre)
 values('Hermandad Mundial')
 insert into actividad(nombre)
 values('Ordenanza')
 insert into actividad(nombre)
 values('Etica')

  -------------ESPECIALIDAD CLASE 5
 insert into actividad(nombre)
 values('Ayuda al projimo')
 insert into actividad(nombre)
 values('Alfabetizacin')
 insert into actividad(nombre)
 values('Derechos Humanos')

-------------CLASE 6
 insert into actividad(nombre)
 values('Boxeo')
 insert into actividad(nombre)
 values('Karate')
 insert into actividad(nombre)
 values('Jiu-jitsu')
 insert into actividad(nombre)
 values('Señalacion')

 -------------ESPECIALIDAD CLASE 6
 insert into actividad(nombre)
 values('Defensa personal')
 insert into actividad(nombre)
 values('Seguridad vial')
 insert into actividad(nombre)
 values('Guía')

 ------------- CLASE 7
 insert into actividad(nombre)
 values('Higiene')
 insert into actividad(nombre)
 values('Biología')
 insert into actividad(nombre)
 values('Anatomia')
 insert into actividad(nombre)
 values('Fisiologia')
  insert into actividad(nombre)
 values('Ciencias naturales')
 
 -------------ESPECIALIDAD CLASE 7
 insert into actividad(nombre)
 values('Primeros auxilios')
 insert into actividad(nombre)
 values('Fisioterapia')
  insert into actividad(nombre)
 values('Quimica')
 
 select * from actividad



------------------------LLENANDO LA TABLA PERSONA---------------------------
 --select * from persona where id > 100
 --        FEMENINO 1, MASCULINO 0
 insert into persona(nombre,sexo) --EMPLEADO
 values('Andres Cuadras Ramos',0)
 insert into persona(nombre,sexo) --EMPLEADO
 values('Alicia Perez Ramirez',1)
 insert into persona(nombre,sexo) --EMPLEADO
 values('Fernando Ramos Cuadras',0)
 insert into persona(nombre,sexo) --EMPLEADO
 values('Sofia Gerardo Valenzuela',1)
 insert into persona(nombre,sexo) --EMPLEADO
 values('Maria Garcia Beltrán',1)
 insert into persona(nombre,sexo) --EMPLEADO
 values('Martha Doño Rivera',1)
 insert into persona(nombre,sexo) --EMPLEADO
 values('Cristina Valenzuela Lopez',1)
 insert into persona(nombre,sexo) --EMPLEADO
 values('Jaime Felix Gutierrez',0)
 insert into persona(nombre,sexo) --EMPLEADO
 values('Rocio Barajas Castañeda',1)
 insert into persona(nombre,sexo) --EMPLEADO
 values('Ramon Salcedo Lopez',0)
 insert into persona(nombre,sexo) --EMPLEADO
 values('Alex Montaño Cazas',0)
 insert into persona(nombre,sexo) --EMPLEADO
 values('Arturo Muños Ortiz',0)
 insert into persona(nombre,sexo) --EMPLEADO
 values('Benjamin Parra Angulo',0)
 insert into persona(nombre,sexo) --EMPLEADO
 values('Daniel Ortega Ibarra',0)
 insert into persona(nombre,sexo) --EMPLEADO
 values('Ana Lazcano Perez',1)
 insert into persona(nombre,sexo) --EMPLEADO
 values('Erika Abitia Torres',1)
 insert into persona(nombre,sexo) --EMPLEADO
 values('Frida Angulo Vizcarra',1)
 insert into persona(nombre,sexo) --EMPLEADO
 values('Gabriel Valenzula Rojo',0)
 insert into persona(nombre,sexo) --EMPLEADO
 values('Gustavo Navarro Medina',0)
 insert into persona(nombre,sexo) --EMPLEADO
 values('Janeth Flores Bustillo',1)
 insert into persona(nombre,sexo) --EMPLEADO
 values('Ilse Zavala Valenzuela',1)
 insert into persona(nombre,sexo) --EMPLEADO
 values('Lucero Apodaca Castro',1)
 insert into persona(nombre,sexo) --EMPLEADO
 values('Luis Lopez Canales',0)
 insert into persona(nombre,sexo) --EMPLEADO
 values('Adriana Valenzuela Valenzuela',1)
 insert into persona(nombre,sexo) --EMPLEADO
 values('Osvaldo Leal Rendon',0)
 insert into persona(nombre,sexo) --EMPLEADO
 values('Esther Wong Saille',1)
 insert into persona(nombre,sexo) --EMPLEADO
 values('Joel Sarabia Tamayo',0)
 insert into persona(nombre,sexo) --EMPLEADO
 values('Evelia Sanchez Rivera',1)
 insert into persona(nombre,sexo) --EMPLEADO
 values('Antonio Zuñiga Lozano',0)
 insert into persona(nombre,sexo) --EMPLEADO
 values('Brandon Osuna Neyoy',0)
 insert into persona(nombre,sexo) --EMPLEADO
 values('Etccel Vizcarra Medina',0)
 insert into persona(nombre,sexo) --EMPLEADO
 values('Sebastian Beltrán Quiroz',0)
 insert into persona(nombre,sexo) --EMPLEADO
 values('Julia Quiroz Corrales',1)
 insert into persona(nombre,sexo) --EMPLEADO
 values('Rubi Hernandez Mora',1)
 insert into persona(nombre,sexo) --EMPLEADO
 values('Esmeralda Venegas Sudiel',1)
 insert into persona(nombre,sexo) --EMPLEADO
 values('Pablo Vega Camacho',0)
 insert into persona(nombre,sexo) --EMPLEADO
 values('Antony Ramirez Ramirez',0)
 insert into persona(nombre,sexo) --EMPLEADO
 values('Karime Esavala Peña',1)
 insert into persona(nombre,sexo) --EMPLEADO
 values('Samantha Trujillo Rey',1)
 insert into persona(nombre,sexo) --EMPLEADO
 values('Esmeralda Beltrán Renteria',1)
 insert into persona(nombre,sexo) --EMPLEADO
 values('Mariana Figuero Alcoser',1)
 insert into persona(nombre,sexo) --EMPLEADO
 values('Gris Verduzo Sanchez',1)
 insert into persona(nombre,sexo) --EMPLEADO
 values('Charly Gonzalez Medina',0)
 insert into persona(nombre,sexo) --EMPLEADO
 values('Abram Soto Agulo',0)
 insert into persona(nombre,sexo) --EMPLEADO
 values('Susano Norzagaray Feliz',0)
 insert into persona(nombre,sexo) --EMPLEADO
 values('Miguel Carranza Doriel',0)
 insert into persona(nombre,sexo) --EMPLEADO
 values('Valeria Jimenez Santos',1)
 insert into persona(nombre,sexo) --EMPLEADO
 values('Susan Saenz Clutier',1)
 insert into persona(nombre,sexo) --EMPLEADO
 values('Karla Peña Angulo',1)
 insert into persona(nombre,sexo) --EMPLEADO
 values('Mateo Mileno Turrieldez',0)
 insert into persona(nombre,sexo) --EMPLEADO
 values('Daniel Ballis Alcazar',0)
 insert into persona(nombre,sexo) --EMPLEADO
 values('Tania Quiñonez Morales',1)
 insert into persona(nombre,sexo) --EMPLEADO
 values('Joceline Manjarrez Cazares',1)
 insert into persona(nombre,sexo) --EMPLEADO
 values('Julieta Zalzar Reyes',1)
 insert into persona(nombre,sexo) --EMPLEADO
 values('Yahir Nuñez Payan',0)
 insert into persona(nombre,sexo) --EMPLEADO
 values('Octavio Fuentes Roman',0)
 insert into persona(nombre,sexo) --EMPLEADO
 values('Armando Ambriz Rendon',0)
 insert into persona(nombre,sexo) --EMPLEADO
 values('Manuel Sandoval Lopez',0)
 insert into persona(nombre,sexo) --EMPLEADO
 values('Pedro Chavez Chavez',0)
 insert into persona(nombre,sexo) --EMPLEADO
 values('Ambar Georged Juarez',1)
 insert into persona(nombre,sexo) --EMPLEADO
 values('Mariana Romero Vazques',1)
 insert into persona(nombre,sexo) --EMPLEADO
 values('Beren Sat Diblasino',1)
 insert into persona(nombre,sexo) --EMPLEADO
 values('Mariana Nolasco Hernandez',1)
 insert into persona(nombre,sexo) --EMPLEADO
 values('Valentina Vales Uriarte',1)
 insert into persona(nombre,sexo) --EMPLEADO
 values('Roberto Ramos Felips',0)
 insert into persona(nombre,sexo) --EMPLEADO
 values('Jorge Rubio Pimienta',0)
 insert into persona(nombre,sexo) --EMPLEADO
 values('Cristhian Villa Costa',0)
 insert into persona(nombre,sexo) --EMPLEADO
 values('Uriel Ramirez Mendoza',0)
 insert into persona(nombre,sexo) --EMPLEADO
 values('Abdiel Cervantes Casilla',0)
 insert into persona(nombre,sexo) --EMPLEADO
 values('Sandra Machado Angulo',1)
 insert into persona(nombre,sexo) --EMPLEADO
 values('Dulce Valez Garcia',1)
 insert into persona(nombre,sexo) --EMPLEADO
 values('Vianca Gonzalez Ponce',1)
 insert into persona(nombre,sexo) --EMPLEADO
 values('Jasiel Galvez Tumpela',0)
 insert into persona(nombre,sexo) --EMPLEADO
 values('Martin Quintero Bordado',0)
 insert into persona(nombre,sexo) --EMPLEADO
 values('Alison Rios Castillo',1)
 insert into persona(nombre,sexo) --EMPLEADO
 values('Carlo Fernandez Palacio',0)
 insert into persona(nombre,sexo) --EMPLEADO
 values('Rubi Barrera Rosales',1)
 insert into persona(nombre,sexo) --EMPLEADO
 values('Iskra Urias Carlos',1)
 insert into persona(nombre,sexo) --EMPLEADO
 values('Dania Iridiane Vasquez',1)
 insert into persona(nombre,sexo) --EMPLEADO
 values('Jose Medrano Perez',0)
 insert into persona(nombre,sexo) --EMPLEADO
 values('Juan Galicia Montijo',0)
 insert into persona(nombre,sexo) --EMPLEADO
 values('Felix Cordoba Lopez',0)
 insert into persona(nombre,sexo) --EMPLEADO
 values('Dania Villegas Torres',1)
 insert into persona(nombre,sexo) --EMPLEADO
 values('Susan Marchena Corrado',1)
 insert into persona(nombre,sexo) --EMPLEADO
 values('Mara Castro Ladas',1)
 insert into persona(nombre,sexo) --EMPLEADO
 values('Brandon Osiel Inzunza',0)
 insert into persona(nombre,sexo) --EMPLEADO
 values('Kevin Yuided Díaz',0)
 insert into persona(nombre,sexo) --EMPLEADO
 values('Facundo Serrano Ortiz',0)
 insert into persona(nombre,sexo) --EMPLEADO
 values('Hugo Portillo Fortier',0)
 insert into persona(nombre,sexo) --EMPLEADO
 values('Ivan Zelmal Castro',0)
 insert into persona(nombre,sexo) --EMPLEADO
 values('Janice Echegerrya Prudente',1)
 insert into persona(nombre,sexo) --EMPLEADO
 values('Selma Burgueño Hernandez',1)
 insert into persona(nombre,sexo) --EMPLEADO
 values('Frida Echegaray Lez',1)
 insert into persona(nombre,sexo) --EMPLEADO
 values('Laura Torres Luna',1)
 insert into persona(nombre,sexo) --EMPLEADO
 values('Karime Inzunza Inzunza',1)
 insert into persona(nombre,sexo) --EMPLEADO
 values('Joceline Bojoquez Turner',1)
 insert into persona(nombre,sexo) --EMPLEADO
 values('Zara Guardado Montoya',1)
 insert into persona(nombre,sexo) --EMPLEADO
 values('Felipe Felix Arias',0)
 insert into persona(nombre,sexo) --EMPLEADO
 values('Samuel Zazueta Meza',0)
 insert into persona(nombre,sexo) --EMPLEADO
 values('Jose Luis Zamarripa Rodriguez',0)

 insert into persona(nombre,sexo) --PADRE
 values('Joel Hernandez Parra',0)
 insert into persona(nombre,sexo) --PADRE
 values('Magdalena Beltrán Soza',1)
 insert into persona(nombre,sexo) --PADRE
 values('Juan Felix Manjarrez',0)
 insert into persona(nombre,sexo) --PADRE
 values('Josue Lazcano Villa Real',0)
 insert into persona(nombre,sexo) --PADRE
 values('Cristina Benitez Roman',1)
 insert into persona(nombre,sexo) --PADRE
 values('Luis Quevedo Hernandez',0)
 insert into persona(nombre,sexo) --PADRE
 values('Sergio Noriega Calderon',0)
 insert into persona(nombre,sexo) --PADRE
 values('Alejandra Valenzuela Pérez',1)
 insert into persona(nombre,sexo) --PADRE
 values('Jesús Trujillo García',0)
 insert into persona(nombre,sexo) --PADRE
 values('Zulema Escobar Osuna',1)
 insert into persona(nombre,sexo) --PADRE
 values('Carolina Peralta Carrillo',1)
 insert into persona(nombre,sexo) --PADRE
 values ('Flor Lopez Martinez',1)
insert into persona(nombre,sexo) --PADRE
 values ('Cesar Machado Gomez',0)
insert into persona(nombre,sexo) --PADRE
 values ('Pricila Machado Zalazar',1)
insert into persona(nombre,sexo) --PADRE
 values ('Mikaela Zambrano Fonseca',1)
insert into persona(nombre,sexo) --PADRE
 values ('Julisa Gomez Fonseca',1)
insert into persona(nombre,sexo) --PADRE
 values ('Oliver Zalazar Gomez',0)
insert into persona(nombre,sexo) --PADRE
 values ('Cesar Zambrano Zalazar',0)
insert into persona(nombre,sexo) --PADRE
 values ('Fransisco Perez Bellavia',0)
insert into persona(nombre,sexo) --PADRE
 values ('Victoria Ayala Molina',1)
insert into persona(nombre,sexo) --PADRE
 values ('Mikaela Zalazar Ayala',1)
insert into persona(nombre,sexo) --PADRE
 values ('Flor Zambrano Ayala',1)
insert into persona(nombre,sexo) --PADRE
 values ('Sol Gomez Machado',1)
insert into persona(nombre,sexo) --PADRE
 values ('Daniel Nolasco Fonseca',0)
insert into persona(nombre,sexo) --PADRE
 values ('Victoria Machado Perez',1)
insert into persona(nombre,sexo) --PADRE
 values ('Flor Nolasco Perez',1)
insert into persona(nombre,sexo) --PADRE
 values ('Paola Gomez Zambrano',1)
insert into persona(nombre,sexo) --PADRE
 values ('Victoria Martinez Zambrano',1)
insert into persona(nombre,sexo) --PADRE
 values ('Oscar Bellavia Zambrano',0)
insert into persona(nombre,sexo) --PADRE
 values ('Oliver Lopez Gomez',0)
insert into persona(nombre,sexo) --PADRE
 values ('Javier Zambrano Zalazar',0)
insert into persona(nombre,sexo) --PADRE
 values ('Florencia Bellavia Lopez',1)
insert into persona(nombre,sexo) --PADRE
 values ('Carmen Zambrano Molina',1)
insert into persona(nombre,sexo) --PADRE
 values ('Juan Martinez Fonseca',0)
insert into persona(nombre,sexo) --PADRE
 values ('Omar Bellavia Zalazar',0)
insert into persona(nombre,sexo) --PADRE
 values ('Valentin Zalazar Perez',0)
insert into persona(nombre,sexo) --PADRE
 values ('Fernando Bellavia Zambrano',0)
insert into persona(nombre,sexo) --PADRE
 values ('Pricila Molina Martinez',1)
insert into persona(nombre,sexo) --PADRE
 values ('Andres Gomez Nolasco',0)
insert into persona(nombre,sexo) --PADRE
 values ('Julian Ayala Machado',0)
insert into persona(nombre,sexo) --PADRE
 values ('Osmar Zalazar Gomez',0)
insert into persona(nombre,sexo) --PADRE
 values ('Fransis Zalazar Ayala',0)
insert into persona(nombre,sexo) --PADRE
 values ('Cesar Machado Ayala',0)
insert into persona(nombre,sexo) --PADRE
 values ('Laura Ayala Zambrano',1)
insert into persona(nombre,sexo) --PADRE
 values ('Victor Perez Nolasco',0)
insert into persona(nombre,sexo) --PADRE
 values ('Mariel Lopez Ayala',1)
insert into persona(nombre,sexo) --PADRE
 values ('Brianda Ayala Machado',1)
insert into persona(nombre,sexo) --PADRE
 values ('Marco Bellavia Nolasco',0)
insert into persona(nombre,sexo) --PADRE
 values ('Ariana Bellavia Gomez',1)
insert into persona(nombre,sexo) --PADRE
 values ('Luz Ayala Machado',1)
insert into persona(nombre,sexo) --PADRE
 values ('David Ayala Bellavia',0)
insert into persona(nombre,sexo) --PADRE
 values ('Manuel Machado Zambrano',0)
insert into persona(nombre,sexo) --PADRE
 values ('Poncho Ayala Bellavia',0)
insert into persona(nombre,sexo) --PADRE
 values ('Mikaela Martinez Bellavia',1)
insert into persona(nombre,sexo) --PADRE
 values ('Paola Zambrano Ayala',1)
insert into persona(nombre,sexo) --PADRE
 values ('Perla Molina Ayala',1)
insert into persona(nombre,sexo) --PADRE
 values ('Michel Lopez Molina',1)
insert into persona(nombre,sexo) --PADRE
 values ('Julieta Machado Zalazar',1)
insert into persona(nombre,sexo) --PADRE
 values ('Jasiel Nolasco Molina',0)
insert into persona(nombre,sexo) --PADRE
 values ('Jennifer Gomez Lopez',1)
insert into persona(nombre,sexo) --PADRE
 values ('Ana Gomez Ayala',1)
insert into persona(nombre,sexo) --PADRE
 values ('Oscar Zambrano Zalazar',0)
insert into persona(nombre,sexo) --PADRE
 values ('Andres Molina Gomez',0)
insert into persona(nombre,sexo) --PADRE
 values ('Carlo Fonseca Gomez',0)
insert into persona(nombre,sexo) --PADRE
 values ('Kelly Zambrano Ayala',1)
insert into persona(nombre,sexo) --PADRE
 values ('Olivia Ayala Molina',1)
insert into persona(nombre,sexo) --PADRE
 values ('Mari Lopez Martinez',1)
insert into persona(nombre,sexo) --PADRE
 values ('Fransisca Ayala Fonseca',1)
insert into persona(nombre,sexo) --PADRE
 values ('Anael Molina Perez',1)
insert into persona(nombre,sexo) --PADRE
 values ('Mario Molina Bellavia',0)
insert into persona(nombre,sexo) --PADRE
 values ('Andrea Molina Perez',1)
insert into persona(nombre,sexo) --PADRE
 values ('Victoria Perez Nolasco',1)
insert into persona(nombre,sexo) --PADRE
 values ('Rene Ayala Zambrano',0)
insert into persona(nombre,sexo) --PADRE
 values ('Flor Gomez Martinez',1)
insert into persona(nombre,sexo) --PADRE
 values ('Jesus Ayala Lopez',0)
insert into persona(nombre,sexo) --PADRE
 values ('Mili Ayala Molina',1)
insert into persona(nombre,sexo) --PADRE
 values ('Esme Perez Zalazar',1)
insert into persona(nombre,sexo) --PADRE
 values ('Flor Ayala Machado',1)
insert into persona(nombre,sexo) --PADRE
 values ('Andres Perez Martinez',0)
insert into persona(nombre,sexo) --PADRE
 values ('Mario Lopez Molina',0)
insert into persona(nombre,sexo) --PADRE
 values ('Mikaela Gomez Martinez',1)
insert into persona(nombre,sexo) --PADRE
 values ('Barbara Perez Lopez',1)
insert into persona(nombre,sexo) --PADRE
 values ('Victoria Bellavia Fonseca',1)
insert into persona(nombre,sexo) --PADRE
 values ('Paola Zalazar Fonseca',1)
insert into persona(nombre,sexo) --PADRE
 values ('Barbara Gomez Bellavia',1)
insert into persona(nombre,sexo) --PADRE
 values ('Julisa Zambrano Martinez',1)
insert into persona(nombre,sexo) --PADRE
 values ('Mario Molina Bellavia',0)
insert into persona(nombre,sexo) --PADRE
 values ('Mikaela Nolasco Molina',1)
insert into persona(nombre,sexo) --PADRE
 values ('Oliver Zalazar Molina',0)
insert into persona(nombre,sexo) --PADRE
 values ('Barbara Ayala Martinez',1)
insert into persona(nombre,sexo) --PADRE
 values ('Mario Martinez Fonseca',0)
insert into persona(nombre,sexo) --PADRE
 values ('Julisa Zalazar Ayala',1)
insert into persona(nombre,sexo) --PADRE
 values ('Sol Perez Lopez',1)
insert into persona(nombre,sexo) --PADRE
 values ('Flor Perez Fonseca',1)
insert into persona(nombre,sexo) --PADRE
 values ('Oliver Martinez Ayala',0)
insert into persona(nombre,sexo) --PADRE
 values ('Pricila Fonseca Ayala',1)
insert into persona(nombre,sexo) --PADRE
 values ('Julisa Gomez Machado',1)
insert into persona(nombre,sexo) --PADRE
 values ('Paola Machado Perez',1)
insert into persona(nombre,sexo) --PADRE
 values ('Cesar Molina Perez',0)
insert into persona(nombre,sexo) --PADRE
 values ('Mikaela Molina Perez',1)

 insert into persona(nombre,sexo) --HIJO
 values('Elisa Hernandez Quintero',1)
 insert into persona(nombre,sexo) --HIJO
 values('Brian Quintero Beltrán',0)
 insert into persona(nombre,sexo) --HIJO
 values('Alejandra Felix Peralta',1)
 insert into persona(nombre,sexo) --HIJO
 values('Raul Lazcano Hernandez',0)
 insert into persona(nombre,sexo) --HIJO
 values('Carolina Lozano Benitez',1)
 insert into persona(nombre,sexo) --HIJO
 values('Manuel Quevedo Soza',0) 
 insert into persona(nombre,sexo) --HIJO
 values('Romina Noriega Ortiz',1)
 insert into persona(nombre,sexo) --HIJO
 values('Enrique Felix Valenzuela',0)
 insert into persona(nombre,sexo) --HIJO
 values('Fernanda Trujillo Zamora',1)
 insert into persona(nombre,sexo) --HIJO
 values('Daniel Benitez Escobar',0)
 insert into persona(nombre,sexo) --HIJO
 values('Sofia Reyes Carillo',1)
 insert into persona(nombre,sexo) --HIJO
 values('Iván Medina Lopez',0)
 insert into persona(nombre,sexo) --HIJO
 values('Gabriela Machado Valenzuela',1)
 insert into persona(nombre,sexo) --HIJO
 values('Gerardo Trujillo Machado',0)
 insert into persona(nombre,sexo) --HIJO
 values('Bianca Lastra Zambranos',1)
 insert into persona(nombre,sexo) --HIJO
 values('George Escobar Gomez',0)
 insert into persona(nombre,sexo) --HIJO
 values('Karla Zalazar Escobar',1)
 insert into persona(nombre,sexo) --HIJO
 values('Luis Zambrano Reyes',0)
 insert into persona(nombre,sexo) --HIJO
 values('Monica Perez Vazquez',1)
 insert into persona(nombre,sexo) --HIJO
 values('Ulises Hernandez Ayala',0)
 insert into persona(nombre,sexo) --HIJO
 values('Alika Armienta Zalazar',1)
 insert into persona(nombre,sexo) --HIJO
 values('Lorenzo Benitez Zambrano',0)
 insert into persona(nombre,sexo) --HIJO
 values('Dania Zalazar Gomez',1)
 insert into persona(nombre,sexo) --HIJO
 values('Ever Nolasco Gamez',0)
 insert into persona(nombre,sexo) --HIJO
 values('Lucia Lopez Machado',1)
 insert into persona(nombre,sexo) --HIJO
 values('Lucas Casas Nolasco',0)
 insert into persona(nombre,sexo) --HIJO
 values('Lucia Beltrán Gomez',1)
 insert into persona(nombre,sexo) --HIJO
 values('Javier Martinez Martinez',0)
 insert into persona(nombre,sexo) --HIJO
 values('Maya Bellavia Perez',1)
 insert into persona(nombre,sexo) --HIJO
 values('Daniel Lopez Perez',0)
 insert into persona(nombre,sexo) --HIJO
 values('Carolina Zambrano Quintero',1)
 insert into persona(nombre,sexo) --HIJO
 values('Oswualdo Zafaroni Bellavia',0)
 insert into persona(nombre,sexo) --HIJO
 values('Adela Villa Zambrano',1)
 insert into persona(nombre,sexo) --HIJO
 values('Roel Martinez Molina',0)
 insert into persona(nombre,sexo) --HIJO
 values('Deniss Bellavia Noriega',1)
 insert into persona(nombre,sexo) --HIJO
 values('Ruben Zalazar Felix',0)
 insert into persona(nombre,sexo) --HIJO
 values('Marylin Bellavia Ortega',1)
 insert into persona(nombre,sexo) --HIJO
 values('Pedro Valenzuela Molina',0)
 insert into persona(nombre,sexo) --HIJO
 values('Leslie Gomez Parra',1)
 insert into persona(nombre,sexo) --HIJO
 values('Delfino Grande Ayala',0)
 insert into persona(nombre,sexo) --HIJO
 values('Natalia Zalazar Rivera',1)
 insert into persona(nombre,sexo) --HIJO
 values('Josue Zalazar Reinoza',0)
 insert into persona(nombre,sexo) --HIJO
 values('Karla Machado Soza',1)
 insert into persona(nombre,sexo) --HIJO
 values('Omar Rivera Ayala',0)
 insert into persona(nombre,sexo) --HIJO
 values('Victoria Perez Ramirez',1)
 insert into persona(nombre,sexo) --HIJO
 values('Alejandro Lopez Lopez',0)
 insert into persona(nombre,sexo) --HIJO
 values('Jazmin Peralta Ayala',1)
 insert into persona(nombre,sexo) --HIJO
 values('Federico Bellavia Martinez',0)
 insert into persona(nombre,sexo) --HIJO
 values('Fransica Noriega Bellavilla',1)
 insert into persona(nombre,sexo) --HIJO
 values('Sinuhe Molina Ayala',0)
 insert into persona(nombre,sexo) --HIJO
 values('Luisa Ayala Lopez',1)
 insert into persona(nombre,sexo) --HIJO
 values('Hector Machado Molina',0)
 insert into persona(nombre,sexo) --HIJO
 values('Anael Ayala Valdez',1)
 insert into persona(nombre,sexo) --HIJO
 values('Roberto Inzunza Martinez',0)
 insert into persona(nombre,sexo) --HIJO
 values('Kathe Valenzula Zambrano',1)
 insert into persona(nombre,sexo) --HIJO
 values('Alan Osuna Molina',0)
 insert into persona(nombre,sexo) --HIJO
 values('Romina Torres Lopez',1)
 insert into persona(nombre,sexo) --HIJO
 values('Kevin Ortiz Machado',0)
 insert into persona(nombre,sexo) --HIJO
 values('Andrea Nolasco Pacual',1)
 insert into persona(nombre,sexo) --HIJO
 values('Uriel Pascual Gomez',0)
 insert into persona(nombre,sexo) --HIJO
 values('Jimena Gomez Gomez',1)
 insert into persona(nombre,sexo) --HIJO
 values('Rafael Zambrano Camuya',0)
 insert into persona(nombre,sexo) --HIJO
 values('Laurla Molina Verdiales',1)
 insert into persona(nombre,sexo) --HIJO
 values('Angel Fonseca Benitez',0)
 insert into persona(nombre,sexo) --HIJO
 values('Martina Benites Zambrano',1)
 insert into persona(nombre,sexo) --HIJO
 values('Joel Cordoba Ayala',0)
 insert into persona(nombre,sexo) --HIJO
 values('Irlanda Angulo Lopez',1)
 insert into persona(nombre,sexo) --HIJO
 values('Brandon Buelna Ayala',0)
 insert into persona(nombre,sexo) --HIJO
 values('Esther Paz Molina',1)
 insert into persona(nombre,sexo) --HIJO
 values('Damian Molina Vaez',0)
 insert into persona(nombre,sexo) --HIJO
 values('Jessica Ortega Molina',1)
 insert into persona(nombre,sexo) --HIJO
 values('Jasiel Rios Perez',0)
 insert into persona(nombre,sexo) --HIJO
 values('Saiyed Ayala Domingues',1)
 insert into persona(nombre,sexo) --HIJO
 values('Guadalupe Nevarez Gomez',0)
 insert into persona(nombre,sexo) --HIJO
 values('Akire Ayala Nevarez',1)
 insert into persona(nombre,sexo) --HIJO
 values('Baltazar Peralta Ayala',0)
 insert into persona(nombre,sexo) --HIJO
 values('Heidi  Soza Perez',1)
 insert into persona(nombre,sexo) --HIJO
 values('Gabriel Anaya Ayala',0)
 insert into persona(nombre,sexo) --HIJO
 values('Lupita Perez Santirani',1)
 insert into persona(nombre,sexo) --HIJO
 values('Adrian Lopez Netoy',0)
 insert into persona(nombre,sexo) --HIJO
 values('Marisela Rios Gomez',1)
 insert into persona(nombre,sexo) --HIJO
 values('Martin Regil Perez',0)
 insert into persona(nombre,sexo) --HIJO
 values('Blanca Lomas Bellavia',1)
 insert into persona(nombre,sexo) --HIJO
 values('Abdiel Benjarano Zalazar',0)
 insert into persona(nombre,sexo) --HIJO
 values('Georgina Ponce Gomez',1)
 insert into persona(nombre,sexo) --HIJO
 values('Alfredo Abitia Zambrano',0)
 insert into persona(nombre,sexo) --HIJO
 values('Rosario Molina Rios',1)
 insert into persona(nombre,sexo) --HIJO
 values('Benjamin Rios Nolasco',0)
 insert into persona(nombre,sexo) --HIJO
 values('Valeria Zalazar Lugo',1)
 insert into persona(nombre,sexo) --HIJO
 values('Fernando Dono Ayala',0)
 insert into persona(nombre,sexo) --HIJO
 values('Marian Martinez Uriarte',1)
 insert into persona(nombre,sexo) --HIJO
 values('Eduardo Rojo Zalazar',0)
 insert into persona(nombre,sexo) --HIJO
 values('Marai Uriarte Perez',1)
 insert into persona(nombre,sexo) --HIJO
 values('Ismael Abitia Perez',0)
 insert into persona(nombre,sexo) --HIJO
 values('Merari Martinez Navarro',1)
 insert into persona(nombre,sexo) --HIJO
 values('Abram Para Fonseca',0)
 insert into persona(nombre,sexo) --HIJO
 values('Mirella Inda Gomez',1)
 insert into persona(nombre,sexo) --HIJO
 values('Kerim Montaño Machado',0)
 insert into persona(nombre,sexo) --HIJO
 values('Cecilia Molina Ramos',1)
 insert into persona(nombre,sexo) --HIJO
 values('Esteban Cadenas Molina',0)

 select * from persona

 ------------------------LLENANDO LA TABLA ALERGIA---------------------------
 --select * from alergia
 insert into alergia(descrip)
 values('Alergia al polvo')
 insert into alergia(descrip)
 values('Alergia al polen')
 insert into alergia(descrip)
 values('Alergia al moho')
 insert into alergia(descrip)
 values('Alergia al cacahuete')
 insert into alergia(descrip)
 values('Alergia a las nueces')
 insert into alergia(descrip)
 values('Alergia a la penicilina')
 insert into alergia(descrip)
 values('Alergia a la alta exposición solar')
 insert into alergia(descrip)
 values('Alergia a los gatos')
 insert into alergia(descrip)
 values('Alergia a las abejas')
 insert into alergia(descrip)
 values('Alergia a los mariscos')
 insert into alergia(descrip)
 values('Alergia al chocolate')
 insert into alergia(descrip)
 values('Alergia a las almendras')
 select * from alergia

 ------------------------LLENANDO LA TABLA UNIDAD---------------------------
 --select * from unidad
 --select * from club
  --        FEMENINO 1, MASCULINO 0
 insert into unidad(club_id,lema,nombre,logo,genero)
 values(1,'Fieles al deber','A','Una paloma',1)
 insert into unidad(club_id,lema,nombre,logo,genero)
 values(1,'Fieles al deber','B','Una huella de animal',0)
 insert into unidad(club_id,lema,nombre,logo,genero)
 values(2,'Siempre listos','C','Una ardilla',1)
 insert into unidad(club_id,lema,nombre,logo,genero)
 values(2,'Siempre listos','D','Un pollito',0)
 insert into unidad(club_id,lema,nombre,logo,genero)
 values(3,'En servicio a la comunidad','E','Un oso panda',1)
 insert into unidad(club_id,lema,nombre,logo,genero)
 values(3,'En servicio a la comunidad','F','Un koala',0)
 insert into unidad(club_id,lema,nombre,logo,genero)
 values(4,'Sumate al cambio','G','Un camaleon',1)
 insert into unidad(club_id,lema,nombre,logo,genero)
 values(4,'Sumate al cambio','H','Un delfin',0)
 insert into unidad(club_id,lema,nombre,logo,genero)
 values(5,'Poder juvenil','I','Un girasol',1)
 insert into unidad(club_id,lema,nombre,logo,genero)
 values(5,'Poder juvenil','J','Un caballo',0)
 insert into unidad(club_id,lema,nombre,logo,genero)
 values(6,'Movimiento naranja','K','Un venado',1)
 insert into unidad(club_id,lema,nombre,logo,genero)
 values(6,'Movimiento naranja','L','Un pájaro carpintero',0)
 insert into unidad(club_id,lema,nombre,logo,genero)
 values(7,'Siempre fuertes','M','Un tucan',1)
 insert into unidad(club_id,lema,nombre,logo,genero)
 values(7,'Siempre fuertes','N','Un elefante',0)
 insert into unidad(club_id,lema,nombre,logo,genero)
 values(8,'Juntos haremos el cambio','Ñ','Un pingüino',1)
 insert into unidad(club_id,lema,nombre,logo,genero)
 values(8,'Juntos haremos el cambio','O','Un erizo',0)
 insert into unidad(club_id,lema,nombre,logo,genero)
 values(9,'Siempre unidos','P','Un meteorito',1)
 insert into unidad(club_id,lema,nombre,logo,genero)
 values(9,'Siempre unidos','Q','Una estrella marina',0)
 insert into unidad(club_id,lema,nombre,logo,genero)
 values(10,'Persevera y triunfaras','R','Un caballito de mar',1)
 insert into unidad(club_id,lema,nombre,logo,genero)
 values(10,'Persevera y triunfaras','S','Una catarina',0)
 select * from unidad

 -------------------------LLENANDO LA TABLA CAMPAMENTOUNIDAD----------------------------
 --select * from campamentoUnidad
 --select * from unidad where genero like 1 --UNO ES FEMENINO
 --select * from unidad where genero like 0 --CERO ES MASCULINO

 insert into campamentoUnidad(unidad_id, campamento_id) --FEMENINO
 values(1,1)    
 insert into campamentoUnidad(unidad_id, campamento_id) --FEMENINO
 values(3,1)
 insert into campamentoUnidad(unidad_id, campamento_id) --FEMENINO
 values(5,1)
 insert into campamentoUnidad(unidad_id, campamento_id) --FEMENINO
 values(7,1)
 insert into campamentoUnidad(unidad_id, campamento_id) --FEMENINO
 values(9,1)

 insert into campamentoUnidad(unidad_id, campamento_id) --MASCULINO
 values(2,10)
 insert into campamentoUnidad(unidad_id, campamento_id) --MASCULINO
 values(4,10)
 insert into campamentoUnidad(unidad_id, campamento_id) --MASCULINO
 values(6,10)
 insert into campamentoUnidad(unidad_id, campamento_id) --MASCULINO
 values(8,10)
 insert into campamentoUnidad(unidad_id, campamento_id) --MASCULINO
 values(10,10)

 insert into campamentoUnidad(unidad_id, campamento_id) --FEMENINO
 values(11,2)
 insert into campamentoUnidad(unidad_id, campamento_id) --FEMENINO
 values(13,2)
 insert into campamentoUnidad(unidad_id, campamento_id) --FEMENINO
 values(15,2)
 insert into campamentoUnidad(unidad_id, campamento_id) --FEMENINO
 values(17,2)
 insert into campamentoUnidad(unidad_id, campamento_id) --FEMENINO
 values(19,2)

 insert into campamentoUnidad(unidad_id, campamento_id) --MASCULINO
 values(12,12)
 insert into campamentoUnidad(unidad_id, campamento_id) --MASCULINO
 values(14,12)
 insert into campamentoUnidad(unidad_id, campamento_id) --MASCULINO
 values(16,12)
 insert into campamentoUnidad(unidad_id, campamento_id) --MASCULINO
 values(18,12)
 insert into campamentoUnidad(unidad_id, campamento_id) --MASCULINO
 values(20,12)

 insert into campamentoUnidad(unidad_id, campamento_id) --FEMENINO
 values(1,3)    
 insert into campamentoUnidad(unidad_id, campamento_id) --FEMENINO
 values(3,3)
 insert into campamentoUnidad(unidad_id, campamento_id) --FEMENINO
 values(5,3)
 insert into campamentoUnidad(unidad_id, campamento_id) --FEMENINO
 values(7,3)
 insert into campamentoUnidad(unidad_id, campamento_id) --FEMENINO
 values(9,3)

 insert into campamentoUnidad(unidad_id, campamento_id) --MASCULINO
 values(2,13)
 insert into campamentoUnidad(unidad_id, campamento_id) --MASCULINO
 values(4,13)
 insert into campamentoUnidad(unidad_id, campamento_id) --MASCULINO
 values(6,13)
 insert into campamentoUnidad(unidad_id, campamento_id) --MASCULINO
 values(8,13)
 insert into campamentoUnidad(unidad_id, campamento_id) --MASCULINO
 values(10,13)

 insert into campamentoUnidad(unidad_id, campamento_id) --FEMENINO
 values(11,4)
 insert into campamentoUnidad(unidad_id, campamento_id) --FEMENINO
 values(13,4)
 insert into campamentoUnidad(unidad_id, campamento_id) --FEMENINO
 values(15,4)
 insert into campamentoUnidad(unidad_id, campamento_id) --FEMENINO
 values(17,4)
 insert into campamentoUnidad(unidad_id, campamento_id) --FEMENINO
 values(19,4)

 insert into campamentoUnidad(unidad_id, campamento_id) --MASCULINO
 values(12,14)
 insert into campamentoUnidad(unidad_id, campamento_id) --MASCULINO
 values(14,14)
 insert into campamentoUnidad(unidad_id, campamento_id) --MASCULINO
 values(16,14)
 insert into campamentoUnidad(unidad_id, campamento_id) --MASCULINO
 values(18,14)
 insert into campamentoUnidad(unidad_id, campamento_id) --MASCULINO
 values(20,14)
 
 insert into campamentoUnidad(unidad_id, campamento_id) --FEMENINO
 values(1,5)    
 insert into campamentoUnidad(unidad_id, campamento_id) --FEMENINO
 values(3,5)
 insert into campamentoUnidad(unidad_id, campamento_id) --FEMENINO
 values(5,5)
 insert into campamentoUnidad(unidad_id, campamento_id) --FEMENINO
 values(7,5)
 insert into campamentoUnidad(unidad_id, campamento_id) --FEMENINO
 values(9,5)

 insert into campamentoUnidad(unidad_id, campamento_id) --MASCULINO
 values(2,15)
 insert into campamentoUnidad(unidad_id, campamento_id) --MASCULINO
 values(4,15)
 insert into campamentoUnidad(unidad_id, campamento_id) --MASCULINO
 values(6,15)
 insert into campamentoUnidad(unidad_id, campamento_id) --MASCULINO
 values(8,15)
 insert into campamentoUnidad(unidad_id, campamento_id) --MASCULINO
 values(10,15)

 insert into campamentoUnidad(unidad_id, campamento_id) --FEMENINO
 values(11,6)
 insert into campamentoUnidad(unidad_id, campamento_id) --FEMENINO
 values(13,6)
 insert into campamentoUnidad(unidad_id, campamento_id) --FEMENINO
 values(15,6)
 insert into campamentoUnidad(unidad_id, campamento_id) --FEMENINO
 values(17,6)
 insert into campamentoUnidad(unidad_id, campamento_id) --FEMENINO
 values(19,6)

 insert into campamentoUnidad(unidad_id, campamento_id) --MASCULINO
 values(12,16)
 insert into campamentoUnidad(unidad_id, campamento_id) --MASCULINO
 values(14,16)
 insert into campamentoUnidad(unidad_id, campamento_id) --MASCULINO
 values(16,16)
 insert into campamentoUnidad(unidad_id, campamento_id) --MASCULINO
 values(18,16)
 insert into campamentoUnidad(unidad_id, campamento_id) --MASCULINO
 values(20,16)

 insert into campamentoUnidad(unidad_id, campamento_id) --FEMENINO
 values(1,7)    
 insert into campamentoUnidad(unidad_id, campamento_id) --FEMENINO
 values(3,7)
 insert into campamentoUnidad(unidad_id, campamento_id) --FEMENINO
 values(5,7)
 insert into campamentoUnidad(unidad_id, campamento_id) --FEMENINO
 values(7,7)
 insert into campamentoUnidad(unidad_id, campamento_id) --FEMENINO
 values(9,7)

 insert into campamentoUnidad(unidad_id, campamento_id) --MASCULINO
 values(2,17)
 insert into campamentoUnidad(unidad_id, campamento_id) --MASCULINO
 values(4,17)
 insert into campamentoUnidad(unidad_id, campamento_id) --MASCULINO
 values(6,17)
 insert into campamentoUnidad(unidad_id, campamento_id) --MASCULINO
 values(8,17)
 insert into campamentoUnidad(unidad_id, campamento_id) --MASCULINO
 values(10,17)

 insert into campamentoUnidad(unidad_id, campamento_id) --FEMENINO
 values(11,8)
 insert into campamentoUnidad(unidad_id, campamento_id) --FEMENINO
 values(13,8)
 insert into campamentoUnidad(unidad_id, campamento_id) --FEMENINO
 values(15,8)
 insert into campamentoUnidad(unidad_id, campamento_id) --FEMENINO
 values(17,8)
 insert into campamentoUnidad(unidad_id, campamento_id) --FEMENINO
 values(19,8)

 insert into campamentoUnidad(unidad_id, campamento_id) --MASCULINO
 values(12,18)
 insert into campamentoUnidad(unidad_id, campamento_id) --MASCULINO
 values(14,18)
 insert into campamentoUnidad(unidad_id, campamento_id) --MASCULINO
 values(16,18)
 insert into campamentoUnidad(unidad_id, campamento_id) --MASCULINO
 values(18,18)
 insert into campamentoUnidad(unidad_id, campamento_id) --MASCULINO
 values(20,18)

 insert into campamentoUnidad(unidad_id, campamento_id) --FEMENINO
 values(1,9)    
 insert into campamentoUnidad(unidad_id, campamento_id) --FEMENINO
 values(3,9)
 insert into campamentoUnidad(unidad_id, campamento_id) --FEMENINO
 values(5,9)
 insert into campamentoUnidad(unidad_id, campamento_id) --FEMENINO
 values(7,9)
 insert into campamentoUnidad(unidad_id, campamento_id) --FEMENINO
 values(9,9)

 insert into campamentoUnidad(unidad_id, campamento_id) --MASCULINO
 values(2,19)
 insert into campamentoUnidad(unidad_id, campamento_id) --MASCULINO
 values(4,19)
 insert into campamentoUnidad(unidad_id, campamento_id) --MASCULINO
 values(6,19)
 insert into campamentoUnidad(unidad_id, campamento_id) --MASCULINO
 values(8,19)
 insert into campamentoUnidad(unidad_id, campamento_id) --MASCULINO
 values(10,19)

 insert into campamentoUnidad(unidad_id, campamento_id) --FEMENINO
 values(11,10)
 insert into campamentoUnidad(unidad_id, campamento_id) --FEMENINO
 values(13,10)
 insert into campamentoUnidad(unidad_id, campamento_id) --FEMENINO
 values(15,10)
 insert into campamentoUnidad(unidad_id, campamento_id) --FEMENINO
 values(17,10)
 insert into campamentoUnidad(unidad_id, campamento_id) --FEMENINO
 values(19,10)

 insert into campamentoUnidad(unidad_id, campamento_id) --MASCULINO
 values(12,20)
 insert into campamentoUnidad(unidad_id, campamento_id) --MASCULINO
 values(14,20)
 insert into campamentoUnidad(unidad_id, campamento_id) --MASCULINO
 values(16,20)
 insert into campamentoUnidad(unidad_id, campamento_id) --MASCULINO
 values(18,20)
 insert into campamentoUnidad(unidad_id, campamento_id) --MASCULINO
 values(20,20)
 select * from campamentoUnidad

------------------------LLENANDO LA TABLA CLUBCLASE---------------------------
--select * from clubClase
--select * from club
--select * from clase
insert into clubClase(club_id,clase_id)
values(1,1)
insert into clubClase(club_id,clase_id)
values(1,2)
insert into clubClase(club_id,clase_id)
values(1,3)
insert into clubClase(club_id,clase_id)
values(1,4)
insert into clubClase(club_id,clase_id)
values(1,5)
insert into clubClase(club_id,clase_id)
values(1,6)
insert into clubClase(club_id,clase_id)
values(1,7)
insert into clubClase(club_id,clase_id)
values(2,1)
insert into clubClase(club_id,clase_id)
values(2,2)
insert into clubClase(club_id,clase_id)
values(2,3)
insert into clubClase(club_id,clase_id)
values(2,4)
insert into clubClase(club_id,clase_id)
values(2,5)
insert into clubClase(club_id,clase_id)
values(2,6)
insert into clubClase(club_id,clase_id)
values(2,7)
insert into clubClase(club_id,clase_id)
values(3,1)
insert into clubClase(club_id,clase_id)
values(3,2)
insert into clubClase(club_id,clase_id)
values(3,3)
insert into clubClase(club_id,clase_id)
values(3,4)
insert into clubClase(club_id,clase_id)
values(3,5)
insert into clubClase(club_id,clase_id)
values(3,6)
insert into clubClase(club_id,clase_id)
values(3,7)
insert into clubClase(club_id,clase_id)
values(4,1)
insert into clubClase(club_id,clase_id)
values(4,2)
insert into clubClase(club_id,clase_id)
values(4,3)
insert into clubClase(club_id,clase_id)
values(4,4)
insert into clubClase(club_id,clase_id)
values(4,5)
insert into clubClase(club_id,clase_id)
values(4,6)
insert into clubClase(club_id,clase_id)
values(4,7)
insert into clubClase(club_id,clase_id)
values(5,1)
insert into clubClase(club_id,clase_id)
values(5,2)
insert into clubClase(club_id,clase_id)
values(5,3)
insert into clubClase(club_id,clase_id)
values(5,4)
insert into clubClase(club_id,clase_id)
values(5,5)
insert into clubClase(club_id,clase_id)
values(5,6)
insert into clubClase(club_id,clase_id)
values(5,7)
insert into clubClase(club_id,clase_id)
values(6,1)
insert into clubClase(club_id,clase_id)
values(6,2)
insert into clubClase(club_id,clase_id)
values(6,3)
insert into clubClase(club_id,clase_id)
values(6,4)
insert into clubClase(club_id,clase_id)
values(6,5)
insert into clubClase(club_id,clase_id)
values(6,6)
insert into clubClase(club_id,clase_id)
values(6,7)
insert into clubClase(club_id,clase_id)
values(7,1)
insert into clubClase(club_id,clase_id)
values(7,2)
insert into clubClase(club_id,clase_id)
values(7,3)
insert into clubClase(club_id,clase_id)
values(7,4)
insert into clubClase(club_id,clase_id)
values(7,5)
insert into clubClase(club_id,clase_id)
values(7,6)
insert into clubClase(club_id,clase_id)
values(7,7)
insert into clubClase(club_id,clase_id)
values(8,1)
insert into clubClase(club_id,clase_id)
values(8,2)
insert into clubClase(club_id,clase_id)
values(8,3)
insert into clubClase(club_id,clase_id)
values(8,4)
insert into clubClase(club_id,clase_id)
values(8,5)
insert into clubClase(club_id,clase_id)
values(8,6)
insert into clubClase(club_id,clase_id)
values(8,7)
insert into clubClase(club_id,clase_id)
values(9,1)
insert into clubClase(club_id,clase_id)
values(9,2)
insert into clubClase(club_id,clase_id)
values(9,3)
insert into clubClase(club_id,clase_id)
values(9,4)
insert into clubClase(club_id,clase_id)
values(9,5)
insert into clubClase(club_id,clase_id)
values(9,6)
insert into clubClase(club_id,clase_id)
values(9,7)
insert into clubClase(club_id,clase_id)
values(10,1)
insert into clubClase(club_id,clase_id)
values(10,2)
insert into clubClase(club_id,clase_id)
values(10,3)
insert into clubClase(club_id,clase_id)
values(10,4)
insert into clubClase(club_id,clase_id)
values(10,5)
insert into clubClase(club_id,clase_id)
values(10,6)
insert into clubClase(club_id,clase_id)
values(10,7)

select * from clubClase


------------------------LLENANDO LA TABLA TRABAJADOR---------------------------
--select * from trabajador
--select id from persona 
--select * from tipoEmpleado
--select id,nombre from club 
----- ESTATUS; 0 ES INACTIVO, 1 ES ACVTIVO
insert into trabajador(trabajador_id,tipoEmp_id,club_id,fechaInicio,estatus)
values(1,1,1,'08/10/2017',1 )
insert into trabajador(trabajador_id,tipoEmp_id,club_id,fechaInicio,estatus)
values(2,2,1,'08/10/2017',1 )
insert into trabajador(trabajador_id,tipoEmp_id,club_id,fechaInicio,estatus)
values(3,3,1,'08/10/2017',1 )
insert into trabajador(trabajador_id,tipoEmp_id,club_id,fechaInicio,estatus)
values(4,4,1,'08/10/2017',1 )
insert into trabajador(trabajador_id,tipoEmp_id,club_id,fechaInicio,estatus)
values(5,6,1,'08/10/2017',1 )
insert into trabajador(trabajador_id,tipoEmp_id,club_id,fechaInicio,estatus)
values(6,5,1,'08/10/2017',1 )
insert into trabajador(trabajador_id,tipoEmp_id,club_id,fechaInicio,estatus)
values(7,5,1,'08/10/2017',1 )
insert into trabajador(trabajador_id,tipoEmp_id,club_id,fechaInicio,estatus)
values(8,5,1,'08/10/2017',1 )
insert into trabajador(trabajador_id,tipoEmp_id,club_id,fechaInicio,estatus)
values(9,5,1,'08/10/2017',1 )
insert into trabajador(trabajador_id,tipoEmp_id,club_id,fechaInicio,estatus)
values(10,5,1,'08/10/2017',1 )
insert into trabajador(trabajador_id,tipoEmp_id,club_id,fechaInicio,estatus)
values(11,1,2,'08/10/2017',1 )
insert into trabajador(trabajador_id,tipoEmp_id,club_id,fechaInicio,estatus)
values(12,2,2,'08/10/2017',1 )
insert into trabajador(trabajador_id,tipoEmp_id,club_id,fechaInicio,estatus)
values(13,3,2,'08/10/2017',1 )
insert into trabajador(trabajador_id,tipoEmp_id,club_id,fechaInicio,estatus)
values(14,4,2,'08/10/2017',1 )
insert into trabajador(trabajador_id,tipoEmp_id,club_id,fechaInicio,estatus)
values(15,6,2,'08/10/2017',1 )
insert into trabajador(trabajador_id,tipoEmp_id,club_id,fechaInicio,estatus)
values(16,5,2,'08/10/2017',1 )
insert into trabajador(trabajador_id,tipoEmp_id,club_id,fechaInicio,estatus)
values(17,5,2,'08/10/2017',1 )
insert into trabajador(trabajador_id,tipoEmp_id,club_id,fechaInicio,estatus)
values(18,5,2,'08/10/2017',1 )
insert into trabajador(trabajador_id,tipoEmp_id,club_id,fechaInicio,estatus)
values(19,5,2,'08/10/2017',1 )
insert into trabajador(trabajador_id,tipoEmp_id,club_id,fechaInicio,estatus)
values(20,5,2,'08/10/2017',1 )
insert into trabajador(trabajador_id,tipoEmp_id,club_id,fechaInicio,estatus)
values(21,1,3,'08/10/2017',1 )
insert into trabajador(trabajador_id,tipoEmp_id,club_id,fechaInicio,estatus)
values(22,2,3,'08/10/2017',1 )
insert into trabajador(trabajador_id,tipoEmp_id,club_id,fechaInicio,estatus)
values(23,3,3,'08/10/2017',1 )
insert into trabajador(trabajador_id,tipoEmp_id,club_id,fechaInicio,estatus)
values(24,4,3,'08/10/2017',1 )
insert into trabajador(trabajador_id,tipoEmp_id,club_id,fechaInicio,estatus)
values(25,6,3,'08/10/2017',1 )
insert into trabajador(trabajador_id,tipoEmp_id,club_id,fechaInicio,estatus)
values(26,5,3,'08/10/2017',1 )
insert into trabajador(trabajador_id,tipoEmp_id,club_id,fechaInicio,estatus)
values(27,5,3,'08/10/2017',1 )
insert into trabajador(trabajador_id,tipoEmp_id,club_id,fechaInicio,estatus)
values(28,5,3,'08/10/2017',1 )
insert into trabajador(trabajador_id,tipoEmp_id,club_id,fechaInicio,estatus)
values(29,5,3,'08/10/2017',1 )
insert into trabajador(trabajador_id,tipoEmp_id,club_id,fechaInicio,estatus)
values(30,5,3,'08/10/2017',1 )
insert into trabajador(trabajador_id,tipoEmp_id,club_id,fechaInicio,estatus)
values(31,1,4,'08/10/2017',1 )
insert into trabajador(trabajador_id,tipoEmp_id,club_id,fechaInicio,estatus)
values(32,2,4,'08/10/2017',1 )
insert into trabajador(trabajador_id,tipoEmp_id,club_id,fechaInicio,estatus)
values(33,3,4,'08/10/2017',1 )
insert into trabajador(trabajador_id,tipoEmp_id,club_id,fechaInicio,estatus)
values(34,4,4,'08/10/2017',1 )
insert into trabajador(trabajador_id,tipoEmp_id,club_id,fechaInicio,estatus)
values(35,6,4,'08/10/2017',1 )
insert into trabajador(trabajador_id,tipoEmp_id,club_id,fechaInicio,estatus)
values(36,5,4,'08/10/2017',1 )
insert into trabajador(trabajador_id,tipoEmp_id,club_id,fechaInicio,estatus)
values(37,5,4,'08/10/2017',1 )
insert into trabajador(trabajador_id,tipoEmp_id,club_id,fechaInicio,estatus)
values(38,5,4,'08/10/2017',1 )
insert into trabajador(trabajador_id,tipoEmp_id,club_id,fechaInicio,estatus)
values(39,5,4,'08/10/2017',1 )
insert into trabajador(trabajador_id,tipoEmp_id,club_id,fechaInicio,estatus)
values(40,5,4,'08/10/2017',1 )
insert into trabajador(trabajador_id,tipoEmp_id,club_id,fechaInicio,estatus)
values(41,1,5,'08/10/2017',1 )
insert into trabajador(trabajador_id,tipoEmp_id,club_id,fechaInicio,estatus)
values(42,2,5,'08/10/2017',1 )
insert into trabajador(trabajador_id,tipoEmp_id,club_id,fechaInicio,estatus)
values(43,3,5,'08/10/2017',1 )
insert into trabajador(trabajador_id,tipoEmp_id,club_id,fechaInicio,estatus)
values(44,4,5,'08/10/2017',1 )
insert into trabajador(trabajador_id,tipoEmp_id,club_id,fechaInicio,estatus)
values(45,6,5,'08/10/2017',1 )
insert into trabajador(trabajador_id,tipoEmp_id,club_id,fechaInicio,estatus)
values(46,5,5,'08/10/2017',1 )
insert into trabajador(trabajador_id,tipoEmp_id,club_id,fechaInicio,estatus)
values(47,5,5,'08/10/2017',1 )
insert into trabajador(trabajador_id,tipoEmp_id,club_id,fechaInicio,estatus)
values(48,5,5,'08/10/2017',1 )
insert into trabajador(trabajador_id,tipoEmp_id,club_id,fechaInicio,estatus)
values(49,5,5,'08/10/2017',1 )
insert into trabajador(trabajador_id,tipoEmp_id,club_id,fechaInicio,estatus)
values(50,5,5,'08/10/2017',1 )
insert into trabajador(trabajador_id,tipoEmp_id,club_id,fechaInicio,estatus)
values(51,1,6,'08/10/2017',1 )
insert into trabajador(trabajador_id,tipoEmp_id,club_id,fechaInicio,estatus)
values(52,2,6,'08/10/2017',1 )
insert into trabajador(trabajador_id,tipoEmp_id,club_id,fechaInicio,estatus)
values(53,3,6,'08/10/2017',1 )
insert into trabajador(trabajador_id,tipoEmp_id,club_id,fechaInicio,estatus)
values(54,4,6,'08/10/2017',1 )
insert into trabajador(trabajador_id,tipoEmp_id,club_id,fechaInicio,estatus)
values(55,6,6,'08/10/2017',1 )
insert into trabajador(trabajador_id,tipoEmp_id,club_id,fechaInicio,estatus)
values(56,5,6,'08/10/2017',1 )
insert into trabajador(trabajador_id,tipoEmp_id,club_id,fechaInicio,estatus)
values(57,5,6,'08/10/2017',1 )
insert into trabajador(trabajador_id,tipoEmp_id,club_id,fechaInicio,estatus)
values(58,5,6,'08/10/2017',1 )
insert into trabajador(trabajador_id,tipoEmp_id,club_id,fechaInicio,estatus)
values(59,5,6,'08/10/2017',1 )
insert into trabajador(trabajador_id,tipoEmp_id,club_id,fechaInicio,estatus)
values(60,5,6,'08/10/2017',1 )
insert into trabajador(trabajador_id,tipoEmp_id,club_id,fechaInicio,estatus)
values(61,1,7,'08/10/2017',1 )
insert into trabajador(trabajador_id,tipoEmp_id,club_id,fechaInicio,estatus)
values(62,2,7,'08/10/2017',1 )
insert into trabajador(trabajador_id,tipoEmp_id,club_id,fechaInicio,estatus)
values(63,3,7,'08/10/2017',1 )
insert into trabajador(trabajador_id,tipoEmp_id,club_id,fechaInicio,estatus)
values(64,4,7,'08/10/2017',1 )
insert into trabajador(trabajador_id,tipoEmp_id,club_id,fechaInicio,estatus)
values(65,6,7,'08/10/2017',1 )
insert into trabajador(trabajador_id,tipoEmp_id,club_id,fechaInicio,estatus)
values(66,5,7,'08/10/2017',1 )
insert into trabajador(trabajador_id,tipoEmp_id,club_id,fechaInicio,estatus)
values(67,5,7,'08/10/2017',1 )
insert into trabajador(trabajador_id,tipoEmp_id,club_id,fechaInicio,estatus)
values(68,5,7,'08/10/2017',1 )
insert into trabajador(trabajador_id,tipoEmp_id,club_id,fechaInicio,estatus)
values(69,5,7,'08/10/2017',1 )
insert into trabajador(trabajador_id,tipoEmp_id,club_id,fechaInicio,estatus)
values(70,5,7,'08/10/2017',1 )
insert into trabajador(trabajador_id,tipoEmp_id,club_id,fechaInicio,estatus)
values(71,1,8,'08/10/2017',1 )
insert into trabajador(trabajador_id,tipoEmp_id,club_id,fechaInicio,estatus)
values(72,2,8,'08/10/2017',1 )
insert into trabajador(trabajador_id,tipoEmp_id,club_id,fechaInicio,estatus)
values(73,3,8,'08/10/2017',1 )
insert into trabajador(trabajador_id,tipoEmp_id,club_id,fechaInicio,estatus)
values(74,4,8,'08/10/2017',1 )
insert into trabajador(trabajador_id,tipoEmp_id,club_id,fechaInicio,estatus)
values(75,6,8,'08/10/2017',1 )
insert into trabajador(trabajador_id,tipoEmp_id,club_id,fechaInicio,estatus)
values(76,5,8,'08/10/2017',1 )
insert into trabajador(trabajador_id,tipoEmp_id,club_id,fechaInicio,estatus)
values(77,5,8,'08/10/2017',1 )
insert into trabajador(trabajador_id,tipoEmp_id,club_id,fechaInicio,estatus)
values(78,5,8,'08/10/2017',1 )
insert into trabajador(trabajador_id,tipoEmp_id,club_id,fechaInicio,estatus)
values(79,5,8,'08/10/2017',1 )
insert into trabajador(trabajador_id,tipoEmp_id,club_id,fechaInicio,estatus)
values(80,5,8,'08/10/2017',1 )
insert into trabajador(trabajador_id,tipoEmp_id,club_id,fechaInicio,estatus)
values(81,1,9,'08/10/2017',1 )
insert into trabajador(trabajador_id,tipoEmp_id,club_id,fechaInicio,estatus)
values(82,2,9,'08/10/2017',1 )
insert into trabajador(trabajador_id,tipoEmp_id,club_id,fechaInicio,estatus)
values(83,3,9,'08/10/2017',1 )
insert into trabajador(trabajador_id,tipoEmp_id,club_id,fechaInicio,estatus)
values(84,4,9,'08/10/2017',1 )
insert into trabajador(trabajador_id,tipoEmp_id,club_id,fechaInicio,estatus)
values(85,6,9,'08/10/2017',1 )
insert into trabajador(trabajador_id,tipoEmp_id,club_id,fechaInicio,estatus)
values(86,5,9,'08/10/2017',1 )
insert into trabajador(trabajador_id,tipoEmp_id,club_id,fechaInicio,estatus)
values(87,5,9,'08/10/2017',1 )
insert into trabajador(trabajador_id,tipoEmp_id,club_id,fechaInicio,estatus)
values(88,5,9,'08/10/2017',1 )
insert into trabajador(trabajador_id,tipoEmp_id,club_id,fechaInicio,estatus)
values(89,5,9,'08/10/2017',1 )
insert into trabajador(trabajador_id,tipoEmp_id,club_id,fechaInicio,estatus)
values(90,5,9,'08/10/2017',1 )
insert into trabajador(trabajador_id,tipoEmp_id,club_id,fechaInicio,estatus)
values(91,1,10,'08/10/2017',1 )
insert into trabajador(trabajador_id,tipoEmp_id,club_id,fechaInicio,estatus)
values(92,2,10,'08/10/2017',1 )
insert into trabajador(trabajador_id,tipoEmp_id,club_id,fechaInicio,estatus)
values(93,3,10,'08/10/2017',1 )
insert into trabajador(trabajador_id,tipoEmp_id,club_id,fechaInicio,estatus)
values(94,4,10,'08/10/2017',1 )
insert into trabajador(trabajador_id,tipoEmp_id,club_id,fechaInicio,estatus)
values(95,6,10,'08/10/2017',1 )
insert into trabajador(trabajador_id,tipoEmp_id,club_id,fechaInicio,estatus)
values(96,5,10,'08/10/2017',1 )
insert into trabajador(trabajador_id,tipoEmp_id,club_id,fechaInicio,estatus)
values(97,5,10,'08/10/2017',1 )
insert into trabajador(trabajador_id,tipoEmp_id,club_id,fechaInicio,estatus)
values(98,5,10,'08/10/2017',1 )
insert into trabajador(trabajador_id,tipoEmp_id,club_id,fechaInicio,estatus)
values(99,5,10,'08/10/2017',1 )
insert into trabajador(trabajador_id,tipoEmp_id,club_id,fechaInicio,estatus)
values(100,5,10,'08/10/2017',1 )
select * from trabajador

------------------------LLENANDO LA TABLA HISTORIALTRABAJADOR---------------------------
--select * from HistorialTrabajador
--select * from especialidad
--select trabajador_id from trabajador where tipoEmp_id like '5' 
--5 SIGNIFICA QUE ES INSTRUCTOR
insert into HistorialTrabajador(trabajador_id,especialidad_id)
values(6,1)
insert into HistorialTrabajador(trabajador_id,especialidad_id)
values(6,2)
insert into HistorialTrabajador(trabajador_id,especialidad_id)
values(6,3)
insert into HistorialTrabajador(trabajador_id,especialidad_id)
values(6,4)
insert into HistorialTrabajador(trabajador_id,especialidad_id)
values(6,5)
insert into HistorialTrabajador(trabajador_id,especialidad_id)
values(6,6)
insert into HistorialTrabajador(trabajador_id,especialidad_id)
values(6,7)
insert into HistorialTrabajador(trabajador_id,especialidad_id)
values(7,1)
insert into HistorialTrabajador(trabajador_id,especialidad_id)
values(7,2)
insert into HistorialTrabajador(trabajador_id,especialidad_id)
values(7,3)
insert into HistorialTrabajador(trabajador_id,especialidad_id)
values(7,4)
insert into HistorialTrabajador(trabajador_id,especialidad_id)
values(7,5)
insert into HistorialTrabajador(trabajador_id,especialidad_id)
values(7,6)
insert into HistorialTrabajador(trabajador_id,especialidad_id)
values(7,7)
insert into HistorialTrabajador(trabajador_id,especialidad_id)
values(8,1)
insert into HistorialTrabajador(trabajador_id,especialidad_id)
values(8,2)
insert into HistorialTrabajador(trabajador_id,especialidad_id)
values(8,3)
insert into HistorialTrabajador(trabajador_id,especialidad_id)
values(8,4)
insert into HistorialTrabajador(trabajador_id,especialidad_id)
values(8,5)
insert into HistorialTrabajador(trabajador_id,especialidad_id)
values(8,6)
insert into HistorialTrabajador(trabajador_id,especialidad_id)
values(8,7)
insert into HistorialTrabajador(trabajador_id,especialidad_id)
values(9,1)
insert into HistorialTrabajador(trabajador_id,especialidad_id)
values(9,2)
insert into HistorialTrabajador(trabajador_id,especialidad_id)
values(9,3)
insert into HistorialTrabajador(trabajador_id,especialidad_id)
values(9,4)
insert into HistorialTrabajador(trabajador_id,especialidad_id)
values(9,5)
insert into HistorialTrabajador(trabajador_id,especialidad_id)
values(9,6)
insert into HistorialTrabajador(trabajador_id,especialidad_id)
values(9,7)
insert into HistorialTrabajador(trabajador_id,especialidad_id)
values(10,1)
insert into HistorialTrabajador(trabajador_id,especialidad_id)
values(10,2)
insert into HistorialTrabajador(trabajador_id,especialidad_id)
values(10,3)
insert into HistorialTrabajador(trabajador_id,especialidad_id)
values(10,4)
insert into HistorialTrabajador(trabajador_id,especialidad_id)
values(10,5)
insert into HistorialTrabajador(trabajador_id,especialidad_id)
values(10,6)
insert into HistorialTrabajador(trabajador_id,especialidad_id)
values(10,7)
insert into HistorialTrabajador(trabajador_id,especialidad_id)
values(16,1)
insert into HistorialTrabajador(trabajador_id,especialidad_id)
values(16,2)
insert into HistorialTrabajador(trabajador_id,especialidad_id)
values(16,3)
insert into HistorialTrabajador(trabajador_id,especialidad_id)
values(16,4)
insert into HistorialTrabajador(trabajador_id,especialidad_id)
values(16,5)
insert into HistorialTrabajador(trabajador_id,especialidad_id)
values(16,6)
insert into HistorialTrabajador(trabajador_id,especialidad_id)
values(16,7)
insert into HistorialTrabajador(trabajador_id,especialidad_id)
values(17,1)
insert into HistorialTrabajador(trabajador_id,especialidad_id)
values(17,2)
insert into HistorialTrabajador(trabajador_id,especialidad_id)
values(17,3)
insert into HistorialTrabajador(trabajador_id,especialidad_id)
values(17,4)
insert into HistorialTrabajador(trabajador_id,especialidad_id)
values(17,5)
insert into HistorialTrabajador(trabajador_id,especialidad_id)
values(17,6)
insert into HistorialTrabajador(trabajador_id,especialidad_id)
values(17,7)
insert into HistorialTrabajador(trabajador_id,especialidad_id)
values(18,1)
insert into HistorialTrabajador(trabajador_id,especialidad_id)
values(18,2)
insert into HistorialTrabajador(trabajador_id,especialidad_id)
values(18,3)
insert into HistorialTrabajador(trabajador_id,especialidad_id)
values(18,4)
insert into HistorialTrabajador(trabajador_id,especialidad_id)
values(18,5)
insert into HistorialTrabajador(trabajador_id,especialidad_id)
values(18,6)
insert into HistorialTrabajador(trabajador_id,especialidad_id)
values(18,7)
insert into HistorialTrabajador(trabajador_id,especialidad_id)
values(19,1)
insert into HistorialTrabajador(trabajador_id,especialidad_id)
values(19,2)
insert into HistorialTrabajador(trabajador_id,especialidad_id)
values(19,3)
insert into HistorialTrabajador(trabajador_id,especialidad_id)
values(19,4)
insert into HistorialTrabajador(trabajador_id,especialidad_id)
values(19,5)
insert into HistorialTrabajador(trabajador_id,especialidad_id)
values(19,6)
insert into HistorialTrabajador(trabajador_id,especialidad_id)
values(19,7)
insert into HistorialTrabajador(trabajador_id,especialidad_id)
values(20,1)
insert into HistorialTrabajador(trabajador_id,especialidad_id)
values(20,2)
insert into HistorialTrabajador(trabajador_id,especialidad_id)
values(20,3)
insert into HistorialTrabajador(trabajador_id,especialidad_id)
values(20,4)
insert into HistorialTrabajador(trabajador_id,especialidad_id)
values(20,5)
insert into HistorialTrabajador(trabajador_id,especialidad_id)
values(20,6)
insert into HistorialTrabajador(trabajador_id,especialidad_id)
values(20,7)
insert into HistorialTrabajador(trabajador_id,especialidad_id)
values(26,1)
insert into HistorialTrabajador(trabajador_id,especialidad_id)
values(26,2)
insert into HistorialTrabajador(trabajador_id,especialidad_id)
values(26,3)
insert into HistorialTrabajador(trabajador_id,especialidad_id)
values(26,4)
insert into HistorialTrabajador(trabajador_id,especialidad_id)
values(26,5)
insert into HistorialTrabajador(trabajador_id,especialidad_id)
values(26,6)
insert into HistorialTrabajador(trabajador_id,especialidad_id)
values(26,7)
insert into HistorialTrabajador(trabajador_id,especialidad_id)
values(27,1)
insert into HistorialTrabajador(trabajador_id,especialidad_id)
values(27,2)
insert into HistorialTrabajador(trabajador_id,especialidad_id)
values(27,3)
insert into HistorialTrabajador(trabajador_id,especialidad_id)
values(27,4)
insert into HistorialTrabajador(trabajador_id,especialidad_id)
values(27,5)
insert into HistorialTrabajador(trabajador_id,especialidad_id)
values(27,6)
insert into HistorialTrabajador(trabajador_id,especialidad_id)
values(27,7)
insert into HistorialTrabajador(trabajador_id,especialidad_id)
values(28,1)
insert into HistorialTrabajador(trabajador_id,especialidad_id)
values(28,2)
insert into HistorialTrabajador(trabajador_id,especialidad_id)
values(28,3)
insert into HistorialTrabajador(trabajador_id,especialidad_id)
values(28,4)
insert into HistorialTrabajador(trabajador_id,especialidad_id)
values(28,5)
insert into HistorialTrabajador(trabajador_id,especialidad_id)
values(28,6)
insert into HistorialTrabajador(trabajador_id,especialidad_id)
values(28,7)
insert into HistorialTrabajador(trabajador_id,especialidad_id)
values(29,1)
insert into HistorialTrabajador(trabajador_id,especialidad_id)
values(29,2)
insert into HistorialTrabajador(trabajador_id,especialidad_id)
values(29,3)
insert into HistorialTrabajador(trabajador_id,especialidad_id)
values(29,4)
insert into HistorialTrabajador(trabajador_id,especialidad_id)
values(29,5)
insert into HistorialTrabajador(trabajador_id,especialidad_id)
values(29,6)
insert into HistorialTrabajador(trabajador_id,especialidad_id)
values(29,7)
insert into HistorialTrabajador(trabajador_id,especialidad_id)
values(30,1)
insert into HistorialTrabajador(trabajador_id,especialidad_id)
values(30,2)
insert into HistorialTrabajador(trabajador_id,especialidad_id)
values(30,3)
insert into HistorialTrabajador(trabajador_id,especialidad_id)
values(30,4)
insert into HistorialTrabajador(trabajador_id,especialidad_id)
values(30,5)
insert into HistorialTrabajador(trabajador_id,especialidad_id)
values(30,6)
insert into HistorialTrabajador(trabajador_id,especialidad_id)
values(30,7)
insert into HistorialTrabajador(trabajador_id,especialidad_id)
values(36,1)
insert into HistorialTrabajador(trabajador_id,especialidad_id)
values(36,2)
insert into HistorialTrabajador(trabajador_id,especialidad_id)
values(36,3)
insert into HistorialTrabajador(trabajador_id,especialidad_id)
values(36,4)
insert into HistorialTrabajador(trabajador_id,especialidad_id)
values(36,5)
insert into HistorialTrabajador(trabajador_id,especialidad_id)
values(36,6)
insert into HistorialTrabajador(trabajador_id,especialidad_id)
values(36,7)
insert into HistorialTrabajador(trabajador_id,especialidad_id)
values(37,1)
insert into HistorialTrabajador(trabajador_id,especialidad_id)
values(37,2)
insert into HistorialTrabajador(trabajador_id,especialidad_id)
values(37,3)
insert into HistorialTrabajador(trabajador_id,especialidad_id)
values(37,4)
insert into HistorialTrabajador(trabajador_id,especialidad_id)
values(37,5)
insert into HistorialTrabajador(trabajador_id,especialidad_id)
values(37,6)
insert into HistorialTrabajador(trabajador_id,especialidad_id)
values(37,7)
insert into HistorialTrabajador(trabajador_id,especialidad_id)
values(38,1)
insert into HistorialTrabajador(trabajador_id,especialidad_id)
values(38,2)
insert into HistorialTrabajador(trabajador_id,especialidad_id)
values(38,3)
insert into HistorialTrabajador(trabajador_id,especialidad_id)
values(38,4)
insert into HistorialTrabajador(trabajador_id,especialidad_id)
values(38,5)
insert into HistorialTrabajador(trabajador_id,especialidad_id)
values(38,6)
insert into HistorialTrabajador(trabajador_id,especialidad_id)
values(38,7)
insert into HistorialTrabajador(trabajador_id,especialidad_id)
values(39,1)
insert into HistorialTrabajador(trabajador_id,especialidad_id)
values(39,2)
insert into HistorialTrabajador(trabajador_id,especialidad_id)
values(39,3)
insert into HistorialTrabajador(trabajador_id,especialidad_id)
values(39,4)
insert into HistorialTrabajador(trabajador_id,especialidad_id)
values(39,5)
insert into HistorialTrabajador(trabajador_id,especialidad_id)
values(39,6)
insert into HistorialTrabajador(trabajador_id,especialidad_id)
values(39,7)
insert into HistorialTrabajador(trabajador_id,especialidad_id)
values(40,1)
insert into HistorialTrabajador(trabajador_id,especialidad_id)
values(40,2)
insert into HistorialTrabajador(trabajador_id,especialidad_id)
values(40,3)
insert into HistorialTrabajador(trabajador_id,especialidad_id)
values(40,4)
insert into HistorialTrabajador(trabajador_id,especialidad_id)
values(40,5)
insert into HistorialTrabajador(trabajador_id,especialidad_id)
values(40,6)
insert into HistorialTrabajador(trabajador_id,especialidad_id)
values(40,7)
insert into HistorialTrabajador(trabajador_id,especialidad_id)
values(46,1)
insert into HistorialTrabajador(trabajador_id,especialidad_id)
values(46,2)
insert into HistorialTrabajador(trabajador_id,especialidad_id)
values(46,3)
insert into HistorialTrabajador(trabajador_id,especialidad_id)
values(46,4)
insert into HistorialTrabajador(trabajador_id,especialidad_id)
values(46,5)
insert into HistorialTrabajador(trabajador_id,especialidad_id)
values(46,6)
insert into HistorialTrabajador(trabajador_id,especialidad_id)
values(46,7)
insert into HistorialTrabajador(trabajador_id,especialidad_id)
values(47,1)
insert into HistorialTrabajador(trabajador_id,especialidad_id)
values(47,2)
insert into HistorialTrabajador(trabajador_id,especialidad_id)
values(47,3)
insert into HistorialTrabajador(trabajador_id,especialidad_id)
values(47,4)
insert into HistorialTrabajador(trabajador_id,especialidad_id)
values(47,5)
insert into HistorialTrabajador(trabajador_id,especialidad_id)
values(47,6)
insert into HistorialTrabajador(trabajador_id,especialidad_id)
values(47,7)
insert into HistorialTrabajador(trabajador_id,especialidad_id)
values(48,1)
insert into HistorialTrabajador(trabajador_id,especialidad_id)
values(48,2)
insert into HistorialTrabajador(trabajador_id,especialidad_id)
values(48,3)
insert into HistorialTrabajador(trabajador_id,especialidad_id)
values(48,4)
insert into HistorialTrabajador(trabajador_id,especialidad_id)
values(48,5)
insert into HistorialTrabajador(trabajador_id,especialidad_id)
values(48,6)
insert into HistorialTrabajador(trabajador_id,especialidad_id)
values(48,7)
insert into HistorialTrabajador(trabajador_id,especialidad_id)
values(49,1)
insert into HistorialTrabajador(trabajador_id,especialidad_id)
values(49,2)
insert into HistorialTrabajador(trabajador_id,especialidad_id)
values(49,3)
insert into HistorialTrabajador(trabajador_id,especialidad_id)
values(49,4)
insert into HistorialTrabajador(trabajador_id,especialidad_id)
values(49,5)
insert into HistorialTrabajador(trabajador_id,especialidad_id)
values(49,6)
insert into HistorialTrabajador(trabajador_id,especialidad_id)
values(49,7)
insert into HistorialTrabajador(trabajador_id,especialidad_id)
values(50,1)
insert into HistorialTrabajador(trabajador_id,especialidad_id)
values(50,2)
insert into HistorialTrabajador(trabajador_id,especialidad_id)
values(50,3)
insert into HistorialTrabajador(trabajador_id,especialidad_id)
values(50,4)
insert into HistorialTrabajador(trabajador_id,especialidad_id)
values(50,5)
insert into HistorialTrabajador(trabajador_id,especialidad_id)
values(50,6)
insert into HistorialTrabajador(trabajador_id,especialidad_id)
values(50,7)
insert into HistorialTrabajador(trabajador_id,especialidad_id)
values(56,1)
insert into HistorialTrabajador(trabajador_id,especialidad_id)
values(56,2)
insert into HistorialTrabajador(trabajador_id,especialidad_id)
values(56,3)
insert into HistorialTrabajador(trabajador_id,especialidad_id)
values(56,4)
insert into HistorialTrabajador(trabajador_id,especialidad_id)
values(56,5)
insert into HistorialTrabajador(trabajador_id,especialidad_id)
values(56,6)
insert into HistorialTrabajador(trabajador_id,especialidad_id)
values(56,7)
insert into HistorialTrabajador(trabajador_id,especialidad_id)
values(57,1)
insert into HistorialTrabajador(trabajador_id,especialidad_id)
values(57,2)
insert into HistorialTrabajador(trabajador_id,especialidad_id)
values(57,3)
insert into HistorialTrabajador(trabajador_id,especialidad_id)
values(57,4)
insert into HistorialTrabajador(trabajador_id,especialidad_id)
values(57,5)
insert into HistorialTrabajador(trabajador_id,especialidad_id)
values(57,6)
insert into HistorialTrabajador(trabajador_id,especialidad_id)
values(57,7)
insert into HistorialTrabajador(trabajador_id,especialidad_id)
values(58,1)
insert into HistorialTrabajador(trabajador_id,especialidad_id)
values(58,2)
insert into HistorialTrabajador(trabajador_id,especialidad_id)
values(58,3)
insert into HistorialTrabajador(trabajador_id,especialidad_id)
values(58,4)
insert into HistorialTrabajador(trabajador_id,especialidad_id)
values(58,5)
insert into HistorialTrabajador(trabajador_id,especialidad_id)
values(58,6)
insert into HistorialTrabajador(trabajador_id,especialidad_id)
values(58,7)
insert into HistorialTrabajador(trabajador_id,especialidad_id)
values(59,1)
insert into HistorialTrabajador(trabajador_id,especialidad_id)
values(59,2)
insert into HistorialTrabajador(trabajador_id,especialidad_id)
values(59,3)
insert into HistorialTrabajador(trabajador_id,especialidad_id)
values(59,4)
insert into HistorialTrabajador(trabajador_id,especialidad_id)
values(59,5)
insert into HistorialTrabajador(trabajador_id,especialidad_id)
values(59,6)
insert into HistorialTrabajador(trabajador_id,especialidad_id)
values(59,7)
insert into HistorialTrabajador(trabajador_id,especialidad_id)
values(60,1)
insert into HistorialTrabajador(trabajador_id,especialidad_id)
values(60,2)
insert into HistorialTrabajador(trabajador_id,especialidad_id)
values(60,3)
insert into HistorialTrabajador(trabajador_id,especialidad_id)
values(60,4)
insert into HistorialTrabajador(trabajador_id,especialidad_id)
values(60,5)
insert into HistorialTrabajador(trabajador_id,especialidad_id)
values(60,6)
insert into HistorialTrabajador(trabajador_id,especialidad_id)
values(60,7)
insert into HistorialTrabajador(trabajador_id,especialidad_id)
values(66,1)
insert into HistorialTrabajador(trabajador_id,especialidad_id)
values(66,2)
insert into HistorialTrabajador(trabajador_id,especialidad_id)
values(66,3)
insert into HistorialTrabajador(trabajador_id,especialidad_id)
values(66,4)
insert into HistorialTrabajador(trabajador_id,especialidad_id)
values(66,5)
insert into HistorialTrabajador(trabajador_id,especialidad_id)
values(66,6)
insert into HistorialTrabajador(trabajador_id,especialidad_id)
values(66,7)
insert into HistorialTrabajador(trabajador_id,especialidad_id)
values(67,1)
insert into HistorialTrabajador(trabajador_id,especialidad_id)
values(67,2)
insert into HistorialTrabajador(trabajador_id,especialidad_id)
values(67,3)
insert into HistorialTrabajador(trabajador_id,especialidad_id)
values(67,4)
insert into HistorialTrabajador(trabajador_id,especialidad_id)
values(67,5)
insert into HistorialTrabajador(trabajador_id,especialidad_id)
values(67,6)
insert into HistorialTrabajador(trabajador_id,especialidad_id)
values(67,7)
insert into HistorialTrabajador(trabajador_id,especialidad_id)
values(68,1)
insert into HistorialTrabajador(trabajador_id,especialidad_id)
values(68,2)
insert into HistorialTrabajador(trabajador_id,especialidad_id)
values(68,3)
insert into HistorialTrabajador(trabajador_id,especialidad_id)
values(68,4)
insert into HistorialTrabajador(trabajador_id,especialidad_id)
values(68,5)
insert into HistorialTrabajador(trabajador_id,especialidad_id)
values(68,6)
insert into HistorialTrabajador(trabajador_id,especialidad_id)
values(68,7)
insert into HistorialTrabajador(trabajador_id,especialidad_id)
values(69,1)
insert into HistorialTrabajador(trabajador_id,especialidad_id)
values(69,2)
insert into HistorialTrabajador(trabajador_id,especialidad_id)
values(69,3)
insert into HistorialTrabajador(trabajador_id,especialidad_id)
values(69,4)
insert into HistorialTrabajador(trabajador_id,especialidad_id)
values(69,5)
insert into HistorialTrabajador(trabajador_id,especialidad_id)
values(69,6)
insert into HistorialTrabajador(trabajador_id,especialidad_id)
values(69,7)
insert into HistorialTrabajador(trabajador_id,especialidad_id)
values(70,1)
insert into HistorialTrabajador(trabajador_id,especialidad_id)
values(70,2)
insert into HistorialTrabajador(trabajador_id,especialidad_id)
values(70,3)
insert into HistorialTrabajador(trabajador_id,especialidad_id)
values(70,4)
insert into HistorialTrabajador(trabajador_id,especialidad_id)
values(70,5)
insert into HistorialTrabajador(trabajador_id,especialidad_id)
values(70,6)
insert into HistorialTrabajador(trabajador_id,especialidad_id)
values(70,7)
insert into HistorialTrabajador(trabajador_id,especialidad_id)
values(76,1)
insert into HistorialTrabajador(trabajador_id,especialidad_id)
values(76,2)
insert into HistorialTrabajador(trabajador_id,especialidad_id)
values(76,3)
insert into HistorialTrabajador(trabajador_id,especialidad_id)
values(76,4)
insert into HistorialTrabajador(trabajador_id,especialidad_id)
values(76,5)
insert into HistorialTrabajador(trabajador_id,especialidad_id)
values(76,6)
insert into HistorialTrabajador(trabajador_id,especialidad_id)
values(76,7)
insert into HistorialTrabajador(trabajador_id,especialidad_id)
values(77,1)
insert into HistorialTrabajador(trabajador_id,especialidad_id)
values(77,2)
insert into HistorialTrabajador(trabajador_id,especialidad_id)
values(77,3)
insert into HistorialTrabajador(trabajador_id,especialidad_id)
values(77,4)
insert into HistorialTrabajador(trabajador_id,especialidad_id)
values(77,5)
insert into HistorialTrabajador(trabajador_id,especialidad_id)
values(77,6)
insert into HistorialTrabajador(trabajador_id,especialidad_id)
values(77,7)
insert into HistorialTrabajador(trabajador_id,especialidad_id)
values(78,1)
insert into HistorialTrabajador(trabajador_id,especialidad_id)
values(78,2)
insert into HistorialTrabajador(trabajador_id,especialidad_id)
values(78,3)
insert into HistorialTrabajador(trabajador_id,especialidad_id)
values(78,4)
insert into HistorialTrabajador(trabajador_id,especialidad_id)
values(78,5)
insert into HistorialTrabajador(trabajador_id,especialidad_id)
values(78,6)
insert into HistorialTrabajador(trabajador_id,especialidad_id)
values(78,7)
insert into HistorialTrabajador(trabajador_id,especialidad_id)
values(79,1)
insert into HistorialTrabajador(trabajador_id,especialidad_id)
values(79,2)
insert into HistorialTrabajador(trabajador_id,especialidad_id)
values(79,3)
insert into HistorialTrabajador(trabajador_id,especialidad_id)
values(79,4)
insert into HistorialTrabajador(trabajador_id,especialidad_id)
values(79,5)
insert into HistorialTrabajador(trabajador_id,especialidad_id)
values(79,6)
insert into HistorialTrabajador(trabajador_id,especialidad_id)
values(79,7)
insert into HistorialTrabajador(trabajador_id,especialidad_id)
values(80,1)
insert into HistorialTrabajador(trabajador_id,especialidad_id)
values(80,2)
insert into HistorialTrabajador(trabajador_id,especialidad_id)
values(80,3)
insert into HistorialTrabajador(trabajador_id,especialidad_id)
values(80,4)
insert into HistorialTrabajador(trabajador_id,especialidad_id)
values(80,5)
insert into HistorialTrabajador(trabajador_id,especialidad_id)
values(80,6)
insert into HistorialTrabajador(trabajador_id,especialidad_id)
values(80,7)
insert into HistorialTrabajador(trabajador_id,especialidad_id)
values(86,1)
insert into HistorialTrabajador(trabajador_id,especialidad_id)
values(86,2)
insert into HistorialTrabajador(trabajador_id,especialidad_id)
values(86,3)
insert into HistorialTrabajador(trabajador_id,especialidad_id)
values(86,4)
insert into HistorialTrabajador(trabajador_id,especialidad_id)
values(86,5)
insert into HistorialTrabajador(trabajador_id,especialidad_id)
values(86,6)
insert into HistorialTrabajador(trabajador_id,especialidad_id)
values(86,7)
insert into HistorialTrabajador(trabajador_id,especialidad_id)
values(87,1)
insert into HistorialTrabajador(trabajador_id,especialidad_id)
values(87,2)
insert into HistorialTrabajador(trabajador_id,especialidad_id)
values(87,3)
insert into HistorialTrabajador(trabajador_id,especialidad_id)
values(87,4)
insert into HistorialTrabajador(trabajador_id,especialidad_id)
values(87,5)
insert into HistorialTrabajador(trabajador_id,especialidad_id)
values(87,6)
insert into HistorialTrabajador(trabajador_id,especialidad_id)
values(87,7)
insert into HistorialTrabajador(trabajador_id,especialidad_id)
values(88,1)
insert into HistorialTrabajador(trabajador_id,especialidad_id)
values(88,2)
insert into HistorialTrabajador(trabajador_id,especialidad_id)
values(88,3)
insert into HistorialTrabajador(trabajador_id,especialidad_id)
values(88,4)
insert into HistorialTrabajador(trabajador_id,especialidad_id)
values(88,5)
insert into HistorialTrabajador(trabajador_id,especialidad_id)
values(88,6)
insert into HistorialTrabajador(trabajador_id,especialidad_id)
values(88,7)
insert into HistorialTrabajador(trabajador_id,especialidad_id)
values(89,1)
insert into HistorialTrabajador(trabajador_id,especialidad_id)
values(89,2)
insert into HistorialTrabajador(trabajador_id,especialidad_id)
values(89,3)
insert into HistorialTrabajador(trabajador_id,especialidad_id)
values(89,4)
insert into HistorialTrabajador(trabajador_id,especialidad_id)
values(89,5)
insert into HistorialTrabajador(trabajador_id,especialidad_id)
values(89,6)
insert into HistorialTrabajador(trabajador_id,especialidad_id)
values(89,7)
insert into HistorialTrabajador(trabajador_id,especialidad_id)
values(90,1)
insert into HistorialTrabajador(trabajador_id,especialidad_id)
values(90,2)
insert into HistorialTrabajador(trabajador_id,especialidad_id)
values(90,3)
insert into HistorialTrabajador(trabajador_id,especialidad_id)
values(90,4)
insert into HistorialTrabajador(trabajador_id,especialidad_id)
values(90,5)
insert into HistorialTrabajador(trabajador_id,especialidad_id)
values(90,6)
insert into HistorialTrabajador(trabajador_id,especialidad_id)
values(90,7)
insert into HistorialTrabajador(trabajador_id,especialidad_id)
values(96,1)
insert into HistorialTrabajador(trabajador_id,especialidad_id)
values(96,2)
insert into HistorialTrabajador(trabajador_id,especialidad_id)
values(96,3)
insert into HistorialTrabajador(trabajador_id,especialidad_id)
values(96,4)
insert into HistorialTrabajador(trabajador_id,especialidad_id)
values(96,5)
insert into HistorialTrabajador(trabajador_id,especialidad_id)
values(96,6)
insert into HistorialTrabajador(trabajador_id,especialidad_id)
values(96,7)
insert into HistorialTrabajador(trabajador_id,especialidad_id)
values(97,1)
insert into HistorialTrabajador(trabajador_id,especialidad_id)
values(97,2)
insert into HistorialTrabajador(trabajador_id,especialidad_id)
values(97,3)
insert into HistorialTrabajador(trabajador_id,especialidad_id)
values(97,4)
insert into HistorialTrabajador(trabajador_id,especialidad_id)
values(97,5)
insert into HistorialTrabajador(trabajador_id,especialidad_id)
values(97,6)
insert into HistorialTrabajador(trabajador_id,especialidad_id)
values(97,7)
insert into HistorialTrabajador(trabajador_id,especialidad_id)
values(98,1)
insert into HistorialTrabajador(trabajador_id,especialidad_id)
values(98,2)
insert into HistorialTrabajador(trabajador_id,especialidad_id)
values(98,3)
insert into HistorialTrabajador(trabajador_id,especialidad_id)
values(98,4)
insert into HistorialTrabajador(trabajador_id,especialidad_id)
values(98,5)
insert into HistorialTrabajador(trabajador_id,especialidad_id)
values(98,6)
insert into HistorialTrabajador(trabajador_id,especialidad_id)
values(98,7)
insert into HistorialTrabajador(trabajador_id,especialidad_id)
values(99,1)
insert into HistorialTrabajador(trabajador_id,especialidad_id)
values(99,2)
insert into HistorialTrabajador(trabajador_id,especialidad_id)
values(99,3)
insert into HistorialTrabajador(trabajador_id,especialidad_id)
values(99,4)
insert into HistorialTrabajador(trabajador_id,especialidad_id)
values(99,5)
insert into HistorialTrabajador(trabajador_id,especialidad_id)
values(99,6)
insert into HistorialTrabajador(trabajador_id,especialidad_id)
values(99,7)
insert into HistorialTrabajador(trabajador_id,especialidad_id)
values(100,1)
insert into HistorialTrabajador(trabajador_id,especialidad_id)
values(100,2)
insert into HistorialTrabajador(trabajador_id,especialidad_id)
values(100,3)
insert into HistorialTrabajador(trabajador_id,especialidad_id)
values(100,4)
insert into HistorialTrabajador(trabajador_id,especialidad_id)
values(100,5)
insert into HistorialTrabajador(trabajador_id,especialidad_id)
values(100,6)
insert into HistorialTrabajador(trabajador_id,especialidad_id)
values(100,7)
select * from HistorialTrabajador


------------------------LLENANDO LA TABLA CLASEACTIVIDAD---------------------------
--select * from claseActividad
--select * from actividad
--select * from clase
insert into claseActividad(clase_id,actividad_id)
values(1,1)
insert into claseActividad(clase_id,actividad_id)
values(1,2)
insert into claseActividad(clase_id,actividad_id)
values(1,3)
insert into claseActividad(clase_id,actividad_id)
values(1,4)
insert into claseActividad(clase_id,actividad_id)
values(1,5)
insert into claseActividad(clase_id,actividad_id)
values(1,6)
insert into claseActividad(clase_id,actividad_id)
values(1,7)

insert into claseActividad(clase_id,actividad_id)
values(2,11)
insert into claseActividad(clase_id,actividad_id)
values(2,12)
insert into claseActividad(clase_id,actividad_id)
values(2,13)
insert into claseActividad(clase_id,actividad_id)
values(2,14)
insert into claseActividad(clase_id,actividad_id)
values(2,15)
insert into claseActividad(clase_id,actividad_id)
values(2,16)

insert into claseActividad(clase_id,actividad_id)
values(3,20)
insert into claseActividad(clase_id,actividad_id)
values(3,21)
insert into claseActividad(clase_id,actividad_id)
values(3,22)
insert into claseActividad(clase_id,actividad_id)
values(3,23)
insert into claseActividad(clase_id,actividad_id)
values(3,24)
insert into claseActividad(clase_id,actividad_id)
values(3,25)
insert into claseActividad(clase_id,actividad_id)
values(3,26)
insert into claseActividad(clase_id,actividad_id)
values(3,27)

insert into claseActividad(clase_id,actividad_id)
values(4,32)
insert into claseActividad(clase_id,actividad_id)
values(4,33)
insert into claseActividad(clase_id,actividad_id)
values(4,34)
insert into claseActividad(clase_id,actividad_id)
values(4,35)
insert into claseActividad(clase_id,actividad_id)
values(4,36)

insert into claseActividad(clase_id,actividad_id)
values(5,40)
insert into claseActividad(clase_id,actividad_id)
values(5,41)
insert into claseActividad(clase_id,actividad_id)
values(5,42)
insert into claseActividad(clase_id,actividad_id)
values(5,43)

insert into claseActividad(clase_id,actividad_id)
values(6,47)
insert into claseActividad(clase_id,actividad_id)
values(6,48)
insert into claseActividad(clase_id,actividad_id)
values(6,49)
insert into claseActividad(clase_id,actividad_id)
values(6,50)

insert into claseActividad(clase_id,actividad_id)
values(7,54)
insert into claseActividad(clase_id,actividad_id)
values(7,55)
insert into claseActividad(clase_id,actividad_id)
values(7,56)
insert into claseActividad(clase_id,actividad_id)
values(7,57)
insert into claseActividad(clase_id,actividad_id)
values(7,58)

select * from claseActividad

------------------------LLENANDO LA TABLA ESPECIALIDAD ACTIVIDAD---------------------------
--select * from EspecialidadActividad
--select id,nombre from especialidad
select * from actividad

select actividad_id from claseActividad 

insert into EspecialidadActividad(especialidad_id,actividad_id)
values(1,8)
insert into EspecialidadActividad(especialidad_id,actividad_id)
values(1,9)
insert into EspecialidadActividad(especialidad_id,actividad_id)
values(1,10)

insert into EspecialidadActividad(especialidad_id,actividad_id)
values(2,17)
insert into EspecialidadActividad(especialidad_id,actividad_id)
values(2,18)
insert into EspecialidadActividad(especialidad_id,actividad_id)
values(2,19)

insert into EspecialidadActividad(especialidad_id,actividad_id)
values(3,28)
insert into EspecialidadActividad(especialidad_id,actividad_id)
values(3,29)
insert into EspecialidadActividad(especialidad_id,actividad_id)
values(3,30)
insert into EspecialidadActividad(especialidad_id,actividad_id)
values(3,31)

insert into EspecialidadActividad(especialidad_id,actividad_id)
values(4,37)
insert into EspecialidadActividad(especialidad_id,actividad_id)
values(4,38)
insert into EspecialidadActividad(especialidad_id,actividad_id)
values(4,39)

insert into EspecialidadActividad(especialidad_id,actividad_id)
values(5,43)
insert into EspecialidadActividad(especialidad_id,actividad_id)
values(5,44)
insert into EspecialidadActividad(especialidad_id,actividad_id)
values(5,45)

insert into EspecialidadActividad(especialidad_id,actividad_id)
values(6,51)
insert into EspecialidadActividad(especialidad_id,actividad_id)
values(6,52)
insert into EspecialidadActividad(especialidad_id,actividad_id)
values(6,53)

insert into EspecialidadActividad(especialidad_id,actividad_id)
values(7,59)
insert into EspecialidadActividad(especialidad_id,actividad_id)
values(7,60)
insert into EspecialidadActividad(especialidad_id,actividad_id)
values(7,61)

select * from EspecialidadActividad

---------------------------LLENANDO LA TABLA OCUPACION-------------------------------
--select * from Ocupacion
insert into Ocupacion(Nombre)
values ('Desarrollador') 
insert into Ocupacion(Nombre)
values ('Desempleado') 
insert into Ocupacion(Nombre)
values ('Ama de casa')
insert into Ocupacion(Nombre)
values ('Administrador') 
insert into Ocupacion(Nombre)
values ('Contador')
insert into Ocupacion(Nombre)
values ('Gerente') 
insert into Ocupacion(Nombre)
values ('Maestro') 
insert into Ocupacion(Nombre)
values ('Recepcionista') 
insert into Ocupacion(Nombre)
values ('Mecanico') 
insert into Ocupacion(Nombre)
values ('Biologo')
insert into Ocupacion(Nombre)
values ('Médico Veterinario') 
insert into Ocupacion(Nombre)
values ('Médico general')
insert into Ocupacion(Nombre)
values ('Enfermería') 
insert into Ocupacion(Nombre)
values ('Técnico en informática') 
insert into Ocupacion(Nombre)
values ('Chef') 
insert into Ocupacion(Nombre)
values ('Diseño gráfico') 
insert into Ocupacion(Nombre)
values ('Ilustrador') 
insert into Ocupacion(Nombre)
values ('Músico') 
insert into Ocupacion(Nombre)
values ('Cajero') 
insert into Ocupacion(Nombre)
values ('Otro') 

select * from Ocupacion

---------------------------LLENANDO LA TABLA PADRE-------------------------------
--select * from padre
-- Esta la editó kelly --
--select * from Ocupacion
insert into padre(padre_id,Ocupacion_ID)
values(101,1)
insert into padre(padre_id,Ocupacion_ID)
values(102, 2)
insert into padre(padre_id,Ocupacion_ID)
values(103, 3)
insert into padre(padre_id,Ocupacion_ID)
values(104, 4)
insert into padre(padre_id,Ocupacion_ID)
values(105, 5)
insert into padre(padre_id,Ocupacion_ID)
values(106, 6)
insert into padre(padre_id,Ocupacion_ID)
values(107, 7)
insert into padre(padre_id,Ocupacion_ID)
values(108, 8)
insert into padre(padre_id,Ocupacion_ID)
values(109, 9)
insert into padre(padre_id,Ocupacion_ID)
values(110, 10)
insert into padre(padre_id,Ocupacion_ID)
values(111, 11)
insert into padre(padre_id,Ocupacion_ID)
values(112, 12)
insert into padre(padre_id,Ocupacion_ID)
values(113, 13)
insert into padre(padre_id,Ocupacion_ID)
values(114, 14)
insert into padre(padre_id,Ocupacion_ID)
values(115, 15)
insert into padre(padre_id,Ocupacion_ID)
values(116, 16)
insert into padre(padre_id,Ocupacion_ID)
values(117, 17)
insert into padre(padre_id,Ocupacion_ID)
values(118, 18)
insert into padre(padre_id,Ocupacion_ID)
values(119, 19)
insert into padre(padre_id,Ocupacion_ID)
values(120, 20)
insert into padre(padre_id,Ocupacion_ID)
values(121, 1)
insert into padre(padre_id,Ocupacion_ID)
values(122, 2)
insert into padre(padre_id,Ocupacion_ID)
values(123, 3)
insert into padre(padre_id,Ocupacion_ID)
values(124, 4)
insert into padre(padre_id,Ocupacion_ID)
values(125, 5)
insert into padre(padre_id,Ocupacion_ID)
values(126, 6)
insert into padre(padre_id,Ocupacion_ID)
values(127, 7)
insert into padre(padre_id,Ocupacion_ID)
values(128, 8)
insert into padre(padre_id,Ocupacion_ID)
values(129, 9)
insert into padre(padre_id,Ocupacion_ID)
values(130, 10)
insert into padre(padre_id,Ocupacion_ID)
values(131, 11)
insert into padre(padre_id,Ocupacion_ID)
values(132, 12)
insert into padre(padre_id,Ocupacion_ID)
values(133, 13)
insert into padre(padre_id,Ocupacion_ID)
values(134, 14)
insert into padre(padre_id,Ocupacion_ID)
values(135, 15)
insert into padre(padre_id,Ocupacion_ID)
values(136, 16)
insert into padre(padre_id,Ocupacion_ID)
values(137, 17)
insert into padre(padre_id,Ocupacion_ID)
values(138, 18)
insert into padre(padre_id,Ocupacion_ID)
values(139, 19)
insert into padre(padre_id,Ocupacion_ID)
values(140, 20)
insert into padre(padre_id,Ocupacion_ID)
values(141, 1)
insert into padre(padre_id,Ocupacion_ID)
values(142, 2)
insert into padre(padre_id,Ocupacion_ID)
values(143, 3)
insert into padre(padre_id,Ocupacion_ID)
values(144, 4)
insert into padre(padre_id,Ocupacion_ID)
values(145, 5)
insert into padre(padre_id,Ocupacion_ID)
values(146, 6)
insert into padre(padre_id,Ocupacion_ID)
values(147, 7)
insert into padre(padre_id,Ocupacion_ID)
values(148, 8)
insert into padre(padre_id,Ocupacion_ID)
values(149, 9)
insert into padre(padre_id,Ocupacion_ID)
values(150, 10)
insert into padre(padre_id,Ocupacion_ID)
values(151, 11)
insert into padre(padre_id,Ocupacion_ID)
values(152, 12)
insert into padre(padre_id,Ocupacion_ID)
values(153, 13)
insert into padre(padre_id,Ocupacion_ID)
values(154, 14)
insert into padre(padre_id,Ocupacion_ID)
values(155, 15)
insert into padre(padre_id,Ocupacion_ID)
values(156, 16)
insert into padre(padre_id,Ocupacion_ID)
values(157, 17)
insert into padre(padre_id,Ocupacion_ID)
values(158, 18)
insert into padre(padre_id,Ocupacion_ID)
values(159, 19)
insert into padre(padre_id,Ocupacion_ID)
values(160, 20)
insert into padre(padre_id,Ocupacion_ID)
values(161, 2)
insert into padre(padre_id,Ocupacion_ID)
values(162, 15)
insert into padre(padre_id,Ocupacion_ID)
values(163, 4)
insert into padre(padre_id,Ocupacion_ID)
values(164, 7)
insert into padre(padre_id,Ocupacion_ID)
values(165, 9)
insert into padre(padre_id,Ocupacion_ID)
values(166, 11)
insert into padre(padre_id,Ocupacion_ID)
values(167, 14)
insert into padre(padre_id,Ocupacion_ID)
values(168, 7)
insert into padre(padre_id,Ocupacion_ID)
values(169, 6)
insert into padre(padre_id,Ocupacion_ID)
values(170, 16)
insert into padre(padre_id,Ocupacion_ID)
values(171, 7)
insert into padre(padre_id,Ocupacion_ID)
values(172, 3)
insert into padre(padre_id,Ocupacion_ID)
values(173, 9)
insert into padre(padre_id,Ocupacion_ID)
values(174, 4)
insert into padre(padre_id,Ocupacion_ID)
values(175, 19)
insert into padre(padre_id,Ocupacion_ID)
values(176, 13)
insert into padre(padre_id,Ocupacion_ID)
values(177, 17)
insert into padre(padre_id,Ocupacion_ID)
values(178, 1)
insert into padre(padre_id,Ocupacion_ID)
values(179, 5)
insert into padre(padre_id,Ocupacion_ID)
values(180, 6)
insert into padre(padre_id,Ocupacion_ID)
values(181, 13)
insert into padre(padre_id,Ocupacion_ID)
values(182,  17)
insert into padre(padre_id,Ocupacion_ID)
values(183, 11)
insert into padre(padre_id,Ocupacion_ID)
values(184, 9)
insert into padre(padre_id,Ocupacion_ID)
values(185, 8)
insert into padre(padre_id,Ocupacion_ID)
values(186, 3)
insert into padre(padre_id,Ocupacion_ID)
values(187,1)
insert into padre(padre_id,Ocupacion_ID)
values(188, 7)
insert into padre(padre_id,Ocupacion_ID)
values(189, 18)
insert into padre(padre_id,Ocupacion_ID)
values(190, 6)
insert into padre(padre_id,Ocupacion_ID)
values(191, 3)
insert into padre(padre_id,Ocupacion_ID)
values(192, 4)
insert into padre(padre_id,Ocupacion_ID)
values(193, 20)
insert into padre(padre_id,Ocupacion_ID)
values(194, 20)
insert into padre(padre_id,Ocupacion_ID)
values(195, 7)
insert into padre(padre_id,Ocupacion_ID)
values(196, 4)
insert into padre(padre_id,Ocupacion_ID)
values(197, 15)
insert into padre(padre_id,Ocupacion_ID)
values(198, 4)
insert into padre(padre_id,Ocupacion_ID)
values(199,1)
insert into padre(padre_id,Ocupacion_ID)
values(200, 4)

select * from padre

---------------------------LLENANDO LA TABLA NIÑO-------------------------------
--select * from niño
--select id,nombre from persona where id > 200
--select id from padre
select * from clase
insert into nino(nino_id,unidad_id,estatura,peso,padre_id,fecha_nacimiento,clase_id)
values(201,1,148,43,101,'07/14/2008',1)
insert into nino(nino_id,unidad_id,estatura,peso,padre_id,fecha_nacimiento,clase_id)
values(202,2,152,56,102,'05/16/2007',2)
insert into nino(nino_id,unidad_id,estatura,peso,padre_id,fecha_nacimiento,clase_id)
values(203,3,149,45,103,'05/16/2006',3)
insert into nino(nino_id,unidad_id,estatura,peso,padre_id,fecha_nacimiento,clase_id)
values(204,4,150,53,104,'12/25/2005',4)
insert into nino(nino_id,unidad_id,estatura,peso,padre_id,fecha_nacimiento,clase_id)
values(205,5,169,68,105,'02/23/2004',5)
insert into nino(nino_id,unidad_id,estatura,peso,padre_id,fecha_nacimiento,clase_id)
values(206,6,172,79,106,'11/03/2003',6)
insert into nino(nino_id,unidad_id,estatura,peso,padre_id,fecha_nacimiento,clase_id)
values(207,7,142,46,107,'04/10/2002',7)
insert into nino(nino_id,unidad_id,estatura,peso,padre_id,fecha_nacimiento,clase_id)
values(208,8,150,49,108,'10/02/2008',1)
insert into nino(nino_id,unidad_id,estatura,peso,padre_id,fecha_nacimiento,clase_id)
values(209,9,153,58,109,'06/11/2007',2)
insert into nino(nino_id,unidad_id,estatura,peso,padre_id,fecha_nacimiento,clase_id)
values(210,10,140,43,110,'05/19/2006',3)
insert into nino(nino_id,unidad_id,estatura,peso,padre_id,fecha_nacimiento,clase_id)
values(211,11,153,51,111,'01/22/2005',4)
insert into nino(nino_id,unidad_id,estatura,peso,padre_id,fecha_nacimiento,clase_id)
values(212,12,146,50,112,'09/11/2004',5)
insert into nino(nino_id,unidad_id,estatura,peso,padre_id,fecha_nacimiento,clase_id)
values(213,13,180,75,113,'07/19/2003',6)
insert into nino(nino_id,unidad_id,estatura,peso,padre_id,fecha_nacimiento,clase_id)
values(214,14,176,60,114,'06/08/2002',7)
insert into nino(nino_id,unidad_id,estatura,peso,padre_id,fecha_nacimiento,clase_id)
values(215,15,152,49,115,'02/23/2008',1)
insert into nino(nino_id,unidad_id,estatura,peso,padre_id,fecha_nacimiento,clase_id)
values(216,16,172,58,116,'10/02/2007',2)
insert into nino(nino_id,unidad_id,estatura,peso,padre_id,fecha_nacimiento,clase_id)
values(217,17,160,43,117,'01/30/2006',3)
insert into nino(nino_id,unidad_id,estatura,peso,padre_id,fecha_nacimiento,clase_id)
values(218,18,152,59,118,'08/25/2005',4)
insert into nino(nino_id,unidad_id,estatura,peso,padre_id,fecha_nacimiento,clase_id)
values(219,19,181,73,119,'04/12/2004',5)
insert into nino(nino_id,unidad_id,estatura,peso,padre_id,fecha_nacimiento,clase_id)
values(220,20,175,61,120,'10/30/2003',6)
insert into nino(nino_id,unidad_id,estatura,peso,padre_id,fecha_nacimiento,clase_id)
values(221,1,150,49,121,'06/03/2002',7)
insert into nino(nino_id,unidad_id,estatura,peso,padre_id,fecha_nacimiento,clase_id)
values(222,2,164,55,122,'02/28/2008',1)
insert into nino(nino_id,unidad_id,estatura,peso,padre_id,fecha_nacimiento,clase_id)
values(223,3,150,49,123,'11/19/2007',2)
insert into nino(nino_id,unidad_id,estatura,peso,padre_id,fecha_nacimiento,clase_id)
values(224,4,155,55,124,'06/03/2006',3)
insert into nino(nino_id,unidad_id,estatura,peso,padre_id,fecha_nacimiento,clase_id)
values(225,5,142,48,125,'08/26/2005',4)
insert into nino(nino_id,unidad_id,estatura,peso,padre_id,fecha_nacimiento,clase_id)
values(226,6,152,59,126,'12/06/2004',5)
insert into nino(nino_id,unidad_id,estatura,peso,padre_id,fecha_nacimiento,clase_id)
values(227,7,160,57,127,'02/12/2003',6)
insert into nino(nino_id,unidad_id,estatura,peso,padre_id,fecha_nacimiento,clase_id)
values(228,8,164,55,128,'04/03/2002',7)
insert into nino(nino_id,unidad_id,estatura,peso,padre_id,fecha_nacimiento,clase_id)
values(229,9,153,56,129,'10/28/2008',1)
insert into nino(nino_id,unidad_id,estatura,peso,padre_id,fecha_nacimiento,clase_id)
values(230,10,154,61,130,'01/13/2007',2)
insert into nino(nino_id,unidad_id,estatura,peso,padre_id,fecha_nacimiento,clase_id)
values(231,11,153,61,131,'06/23/2006',3)
insert into nino(nino_id,unidad_id,estatura,peso,padre_id,fecha_nacimiento,clase_id)
values(232,12,168,46,132,'11/17/2005',4)
insert into nino(nino_id,unidad_id,estatura,peso,padre_id,fecha_nacimiento,clase_id)
values(233,13,171,66,133,'02/21/2004',5)
insert into nino(nino_id,unidad_id,estatura,peso,padre_id,fecha_nacimiento,clase_id)
values(234,14,177,52,134,'12/13/2003',6)
insert into nino(nino_id,unidad_id,estatura,peso,padre_id,fecha_nacimiento,clase_id)
values(235,15,166,55,135,'05/14/2002',7)
insert into nino(nino_id,unidad_id,estatura,peso,padre_id,fecha_nacimiento,clase_id)
values(236,16,159,63,136,'09/23/2008',1)
insert into nino(nino_id,unidad_id,estatura,peso,padre_id,fecha_nacimiento,clase_id)
values(237,17,182,45,137,'07/05/2007',2)
insert into nino(nino_id,unidad_id,estatura,peso,padre_id,fecha_nacimiento,clase_id)
values(238,18,155,66,138,'10/24/2006',3)
insert into nino(nino_id,unidad_id,estatura,peso,padre_id,fecha_nacimiento,clase_id)
values(239,19,165,61,139,'02/01/2005',4)
insert into nino(nino_id,unidad_id,estatura,peso,padre_id,fecha_nacimiento,clase_id)
values(240,20,163,57,140,'04/28/2004',5)
insert into nino(nino_id,unidad_id,estatura,peso,padre_id,fecha_nacimiento,clase_id)
values(241,1,158,67,141,'11/03/2003',6)
insert into nino(nino_id,unidad_id,estatura,peso,padre_id,fecha_nacimiento,clase_id)
values(242,2,167,59,142,'05/21/2002',7)
insert into nino(nino_id,unidad_id,estatura,peso,padre_id,fecha_nacimiento,clase_id)
values(243,3,150,60,143,'01/26/2008',1)
insert into nino(nino_id,unidad_id,estatura,peso,padre_id,fecha_nacimiento,clase_id)
values(244,4,168,50,144,'03/10/2007',2)
insert into nino(nino_id,unidad_id,estatura,peso,padre_id,fecha_nacimiento,clase_id)
values(245,5,165,63,145,'12/08/2006',3)
insert into nino(nino_id,unidad_id,estatura,peso,padre_id,fecha_nacimiento,clase_id)
values(246,6,171,52,146,'09/03/2005',4)
insert into nino(nino_id,unidad_id,estatura,peso,padre_id,fecha_nacimiento,clase_id)
values(247,7,169,46,147,'05/29/2004',5)
insert into nino(nino_id,unidad_id,estatura,peso,padre_id,fecha_nacimiento,clase_id)
values(248,8,164,50,148,'07/13/2003',6)
insert into nino(nino_id,unidad_id,estatura,peso,padre_id,fecha_nacimiento,clase_id)
values(249,9,157,66,149,'04/01/2002',7)
insert into nino(nino_id,unidad_id,estatura,peso,padre_id,fecha_nacimiento,clase_id)
values(250,10,159,61,150,'10/25/2008',1)
insert into nino(nino_id,unidad_id,estatura,peso,padre_id,fecha_nacimiento,clase_id)
values(251,11,163,46,151,'08/29/2007',2)
insert into nino(nino_id,unidad_id,estatura,peso,padre_id,fecha_nacimiento,clase_id)
values(252,12,181,64,152,'06/14/2006',3)
insert into nino(nino_id,unidad_id,estatura,peso,padre_id,fecha_nacimiento,clase_id)
values(253,13,150,60,153,'12/29/2005',4)
insert into nino(nino_id,unidad_id,estatura,peso,padre_id,fecha_nacimiento,clase_id)
values(254,14,179,48,154,'02/14/2004',5)
insert into nino(nino_id,unidad_id,estatura,peso,padre_id,fecha_nacimiento,clase_id)
values(255,15,149,68,155,'09/04/2003',6)
insert into nino(nino_id,unidad_id,estatura,peso,padre_id,fecha_nacimiento,clase_id)
values(256,16,156,65,156,'07/26/2002',7)
insert into nino(nino_id,unidad_id,estatura,peso,padre_id,fecha_nacimiento,clase_id)
values(257,17,168,62,157,'01/16/2008',1)
insert into nino(nino_id,unidad_id,estatura,peso,padre_id,fecha_nacimiento,clase_id)
values(258,18,175,67,158,'09/23/2007',2)
insert into nino(nino_id,unidad_id,estatura,peso,padre_id,fecha_nacimiento,clase_id)
values(259,19,174,51,159,'12/03/2006',3)
insert into nino(nino_id,unidad_id,estatura,peso,padre_id,fecha_nacimiento,clase_id)
values(260,20,164,60,160,'06/27/2005',4)
insert into nino(nino_id,unidad_id,estatura,peso,padre_id,fecha_nacimiento,clase_id)
values(261,1,170,47,161,'04/13/2004',5)
insert into nino(nino_id,unidad_id,estatura,peso,padre_id,fecha_nacimiento,clase_id)
values(262,2,160,68,162,'05/01/2003',6)
insert into nino(nino_id,unidad_id,estatura,peso,padre_id,fecha_nacimiento,clase_id)
values(263,3,175,43,163,'02/25/2002',7)
insert into nino(nino_id,unidad_id,estatura,peso,padre_id,fecha_nacimiento,clase_id)
values(264,4,161,48,164,'01/16/2008',1)
insert into nino(nino_id,unidad_id,estatura,peso,padre_id,fecha_nacimiento,clase_id)
values(265,5,174,58,165,'08/29/2007',2)
insert into nino(nino_id,unidad_id,estatura,peso,padre_id,fecha_nacimiento,clase_id)
values(266,6,156,55,166,'07/11/2006',3)
insert into nino(nino_id,unidad_id,estatura,peso,padre_id,fecha_nacimiento,clase_id)
values(267,7,175,64,167,'04/10/2005',4)
insert into nino(nino_id,unidad_id,estatura,peso,padre_id,fecha_nacimiento,clase_id)
values(268,8,177,44,168,'02/16/2004',5)
insert into nino(nino_id,unidad_id,estatura,peso,padre_id,fecha_nacimiento,clase_id)
values(269,9,160,48,169,'05/26/2003',6)
insert into nino(nino_id,unidad_id,estatura,peso,padre_id,fecha_nacimiento,clase_id)
values(270,10,175,60,170,'04/09/2002',7)
insert into nino(nino_id,unidad_id,estatura,peso,padre_id,fecha_nacimiento,clase_id)
values(271,11,181,50,171,'07/28/2008',1)
insert into nino(nino_id,unidad_id,estatura,peso,padre_id,fecha_nacimiento,clase_id)
values(272,12,149,55,172,'08/13/2007',2)
insert into nino(nino_id,unidad_id,estatura,peso,padre_id,fecha_nacimiento,clase_id)
values(273,13,173,52,173,'09/15/2006',3)
insert into nino(nino_id,unidad_id,estatura,peso,padre_id,fecha_nacimiento,clase_id)
values(274,14,163,56,174,'06/30/2005',4)
insert into nino(nino_id,unidad_id,estatura,peso,padre_id,fecha_nacimiento,clase_id)
values(275,15,176,62,175,'06/10/2004',5)
insert into nino(nino_id,unidad_id,estatura,peso,padre_id,fecha_nacimiento,clase_id)
values(276,16,163,46,176,'04/16/2003',6)
insert into nino(nino_id,unidad_id,estatura,peso,padre_id,fecha_nacimiento,clase_id)
values(277,17,163,59,177,'01/07/2002',7)
insert into nino(nino_id,unidad_id,estatura,peso,padre_id,fecha_nacimiento,clase_id)
values(278,18,154,56,178,'11/13/2008',1)
insert into nino(nino_id,unidad_id,estatura,peso,padre_id,fecha_nacimiento,clase_id)
values(279,19,155,45,179,'06/25/2007',2)
insert into nino(nino_id,unidad_id,estatura,peso,padre_id,fecha_nacimiento,clase_id)
values(280,20,174,47,180,'05/19/2006',3)
insert into nino(nino_id,unidad_id,estatura,peso,padre_id,fecha_nacimiento,clase_id)
values(281,1,157,65,181,'11/28/2005',4)
insert into nino(nino_id,unidad_id,estatura,peso,padre_id,fecha_nacimiento,clase_id)
values(282,2,153,63,182,'07/13/2004',5)
insert into nino(nino_id,unidad_id,estatura,peso,padre_id,fecha_nacimiento,clase_id)
values(283,3,162,67,183,'09/17/2003',6)
insert into nino(nino_id,unidad_id,estatura,peso,padre_id,fecha_nacimiento,clase_id)
values(284,4,164,58,184,'05/03/2002',7)
insert into nino(nino_id,unidad_id,estatura,peso,padre_id,fecha_nacimiento,clase_id)
values(285,5,159,50,185,'06/13/2008',1)
insert into nino(nino_id,unidad_id,estatura,peso,padre_id,fecha_nacimiento,clase_id)
values(286,6,176,53,186,'07/26/2007',2)
insert into nino(nino_id,unidad_id,estatura,peso,padre_id,fecha_nacimiento,clase_id)
values(287,7,164,56,187,'12/24/2006',3)
insert into nino(nino_id,unidad_id,estatura,peso,padre_id,fecha_nacimiento,clase_id)
values(288,8,174,54,188,'10/22/2005',4)
insert into nino(nino_id,unidad_id,estatura,peso,padre_id,fecha_nacimiento,clase_id)
values(289,9,153,50,189,'10/08/2004',5)
insert into nino(nino_id,unidad_id,estatura,peso,padre_id,fecha_nacimiento,clase_id)
values(290,10,150,59,190,'04/09/2003',6)
insert into nino(nino_id,unidad_id,estatura,peso,padre_id,fecha_nacimiento,clase_id)
values(291,11,158,45,191,'05/01/2002',7)
insert into nino(nino_id,unidad_id,estatura,peso,padre_id,fecha_nacimiento,clase_id)
values(292,12,150,44,192,'07/12/2008',1)
insert into nino(nino_id,unidad_id,estatura,peso,padre_id,fecha_nacimiento,clase_id)
values(293,13,168,45,193,'08/31/2007',2)
insert into nino(nino_id,unidad_id,estatura,peso,padre_id,fecha_nacimiento,clase_id)
values(294,14,168,43,194,'12/17/2006',3)
insert into nino(nino_id,unidad_id,estatura,peso,padre_id,fecha_nacimiento,clase_id)
values(295,15,180,48,195,'05/29/2005',4)
insert into nino(nino_id,unidad_id,estatura,peso,padre_id,fecha_nacimiento,clase_id)
values(296,16,167,47,196,'04/30/2004',5)
insert into nino(nino_id,unidad_id,estatura,peso,padre_id,fecha_nacimiento,clase_id)
values(297,17,169,44,197,'11/10/2003',6)
insert into nino(nino_id,unidad_id,estatura,peso,padre_id,fecha_nacimiento,clase_id)
values(298,18,160,51,198,'06/25/2002',7)
insert into nino(nino_id,unidad_id,estatura,peso,padre_id,fecha_nacimiento,clase_id)
values(299,19,160,55,199,'10/03/2008',1)
insert into nino(nino_id,unidad_id,estatura,peso,padre_id,fecha_nacimiento,clase_id)
values(300,20,166,54,200,'07/13/2007',2)

select * from nino

--------------------------LLENANDO LA TABLA ALERGIA NIÑO-------------------------------
--select * from alergiaNino
--select * from nino
--select * from alergia

--1--
insert into alergiaNino(nino_id,alergia_id)
values(201, 1)
insert into alergiaNino(nino_id,alergia_id)
values(202, 6)
insert into alergiaNino(nino_id,alergia_id)
values(203, 8)
insert into alergiaNino(nino_id,alergia_id)
values(203, 2)
insert into alergiaNino(nino_id,alergia_id)
values(204, 5)
insert into alergiaNino(nino_id,alergia_id)
values(208, 12)
insert into alergiaNino(nino_id,alergia_id)
values(208, 10)
insert into alergiaNino(nino_id,alergia_id)
values(208, 6)
insert into alergiaNino(nino_id,alergia_id)
values(211, 2)
insert into alergiaNino(nino_id,alergia_id)
values(211, 3)
--2--
insert into alergiaNino(nino_id,alergia_id)
values(211, 5)
insert into alergiaNino(nino_id,alergia_id)
values(211, 12)
insert into alergiaNino(nino_id,alergia_id)
values(215, 4)
insert into alergiaNino(nino_id,alergia_id)
values(216, 3)
insert into alergiaNino(nino_id,alergia_id)
values(217, 8)
insert into alergiaNino(nino_id,alergia_id)
values(221, 9)
insert into alergiaNino(nino_id,alergia_id)
values(221, 10)
insert into alergiaNino(nino_id,alergia_id)
values(221, 11)
insert into alergiaNino(nino_id,alergia_id)
values(221, 12)
insert into alergiaNino(nino_id,alergia_id)
values(222, 1)
--3--
insert into alergiaNino(nino_id,alergia_id)
values(223, 2)
insert into alergiaNino(nino_id,alergia_id)
values(224, 4)
insert into alergiaNino(nino_id,alergia_id)
values(225, 6)
insert into alergiaNino(nino_id,alergia_id)
values(226, 8)
insert into alergiaNino(nino_id,alergia_id)
values(226,  7)
insert into alergiaNino(nino_id,alergia_id)
values(227, 4)
insert into alergiaNino(nino_id,alergia_id)
values(228, 2)
insert into alergiaNino(nino_id,alergia_id)
values(229, 2)
insert into alergiaNino(nino_id,alergia_id)
values(229, 5)
insert into alergiaNino(nino_id,alergia_id)
values(229, 8)
--4--
insert into alergiaNino(nino_id,alergia_id)
values(230, 2)
insert into alergiaNino(nino_id,alergia_id)
values(232, 4)
insert into alergiaNino(nino_id,alergia_id)
values(235, 6)
insert into alergiaNino(nino_id,alergia_id)
values(235, 8)
insert into alergiaNino(nino_id,alergia_id)
values(235,  7)
insert into alergiaNino(nino_id,alergia_id)
values(237, 4)
insert into alergiaNino(nino_id,alergia_id)
values(238, 1)
insert into alergiaNino(nino_id,alergia_id)
values(239, 1)
insert into alergiaNino(nino_id,alergia_id)
values(239, 5)
insert into alergiaNino(nino_id,alergia_id)
values(239, 10)
--5--
insert into alergiaNino(nino_id,alergia_id)
values(240, 5)
insert into alergiaNino(nino_id,alergia_id)
values(240, 12)
insert into alergiaNino(nino_id,alergia_id)
values(240, 4)
insert into alergiaNino(nino_id,alergia_id)
values(241, 3)
insert into alergiaNino(nino_id,alergia_id)
values(243, 10)
insert into alergiaNino(nino_id,alergia_id)
values(244, 11)
insert into alergiaNino(nino_id,alergia_id)
values(244, 9)
insert into alergiaNino(nino_id,alergia_id)
values(245, 2)
insert into alergiaNino(nino_id,alergia_id)
values(250, 12)
insert into alergiaNino(nino_id,alergia_id)
values(250, 1)
--6--
insert into alergiaNino(nino_id,alergia_id)
values(251, 1)
insert into alergiaNino(nino_id,alergia_id)
values(252, 3)
insert into alergiaNino(nino_id,alergia_id)
values(253, 10)
insert into alergiaNino(nino_id,alergia_id)
values(254, 2)
insert into alergiaNino(nino_id,alergia_id)
values(254, 12)
insert into alergiaNino(nino_id,alergia_id)
values(255,  7)
insert into alergiaNino(nino_id,alergia_id)
values(256, 6)
insert into alergiaNino(nino_id,alergia_id)
values(257, 1)
insert into alergiaNino(nino_id,alergia_id)
values(258, 2)
insert into alergiaNino(nino_id,alergia_id)
values(259, 3)
--7--
insert into alergiaNino(nino_id,alergia_id)
values(260, 1)
insert into alergiaNino(nino_id,alergia_id)
values(265, 6)
insert into alergiaNino(nino_id,alergia_id)
values(265, 3)
insert into alergiaNino(nino_id,alergia_id)
values(265, 9)
insert into alergiaNino(nino_id,alergia_id)
values(265,  5)
insert into alergiaNino(nino_id,alergia_id)
values(267, 4)
insert into alergiaNino(nino_id,alergia_id)
values(269, 1)
insert into alergiaNino(nino_id,alergia_id)
values(270, 10)
insert into alergiaNino(nino_id,alergia_id)
values(270, 11)
insert into alergiaNino(nino_id,alergia_id)
values(270, 12)
--8--
insert into alergiaNino(nino_id,alergia_id)
values(271, 4)
insert into alergiaNino(nino_id,alergia_id)
values(275, 12)
insert into alergiaNino(nino_id,alergia_id)
values(276, 11)
insert into alergiaNino(nino_id,alergia_id)
values(278, 2)
insert into alergiaNino(nino_id,alergia_id)
values(279, 7)
insert into alergiaNino(nino_id,alergia_id)
values(279, 3)
insert into alergiaNino(nino_id,alergia_id)
values(279, 4)
insert into alergiaNino(nino_id,alergia_id)
values(280, 2)
insert into alergiaNino(nino_id,alergia_id)
values(281, 1)
insert into alergiaNino(nino_id,alergia_id)
values(281, 1)
--9--
insert into alergiaNino(nino_id,alergia_id)
values(282, 2)
insert into alergiaNino(nino_id,alergia_id)
values(282, 6)
insert into alergiaNino(nino_id,alergia_id)
values(282, 8)
insert into alergiaNino(nino_id,alergia_id)
values(282, 10)
insert into alergiaNino(nino_id,alergia_id)
values(282, 12)
insert into alergiaNino(nino_id,alergia_id)
values(282, 3)
insert into alergiaNino(nino_id,alergia_id)
values(282, 1)
insert into alergiaNino(nino_id,alergia_id)
values(283, 5)
insert into alergiaNino(nino_id,alergia_id)
values(284, 7)
insert into alergiaNino(nino_id,alergia_id)
values(284, 3)
--10--
insert into alergiaNino(nino_id,alergia_id)
values(290, 5)
insert into alergiaNino(nino_id,alergia_id)
values(291, 12)
insert into alergiaNino(nino_id,alergia_id)
values(292, 4)
insert into alergiaNino(nino_id,alergia_id)
values(292, 3)
insert into alergiaNino(nino_id,alergia_id)
values(292, 8)
insert into alergiaNino(nino_id,alergia_id)
values(295, 9)
insert into alergiaNino(nino_id,alergia_id)
values(296, 10)
insert into alergiaNino(nino_id,alergia_id)
values(300, 11)
insert into alergiaNino(nino_id,alergia_id)
values(300, 12)
insert into alergiaNino(nino_id,alergia_id)
values(300, 1)

select * from alergiaNino

---------------------------LLENANDO LA TABLA REUNION -------------------------------
--select * from Reunion
select * from Reunion
insert into Reunion(Fecha)
values('11/01/2017')
insert into Reunion(Fecha)
values('11/02/2017')
insert into Reunion(Fecha)
values('12/01/2017')
insert into Reunion(Fecha)
values('12/02/2017')
insert into Reunion(Fecha)
values('01/01/2018')
insert into Reunion(Fecha)
values('01/02/2018')
insert into Reunion(Fecha)
values('02/01/2018')
insert into Reunion(Fecha)
values('02/02/2018')
insert into Reunion(Fecha)
values('03/01/2018')
insert into Reunion(Fecha)
values('03/02/2018')
insert into Reunion(Fecha)
values('04/01/2018')
insert into Reunion(Fecha)
values('04/02/2018')
insert into Reunion(Fecha)
values('05/01/2018')
insert into Reunion(Fecha)
values('05/02/2018')
insert into Reunion(Fecha)
values('06/01/2018')
insert into Reunion(Fecha)
values('06/02/2018')
insert into Reunion(Fecha)
values('07/01/2018')
insert into Reunion(Fecha)
values('07/02/2018')
insert into Reunion(Fecha)
values('08/05/2018')
insert into Reunion(Fecha)
values('08/06/2018')
insert into Reunion(Fecha)
values('09/01/2018')
insert into Reunion(Fecha)
values('09/02/2018')
insert into Reunion(Fecha)
values('09/20/2018')
insert into Reunion(Fecha)
values('09/21/2018')

---------------------------LLENANDO LA TABLA PULCRITUD-------------------------------
--select * from Pulcritud
insert into Pulcritud(Nombre)
values('Bueno')
insert into Pulcritud(Nombre)
values('Malo')
insert into Pulcritud(Nombre)
values('Regular')
select * from Pulcritud


---------------------------LLENANDO LA TABLA REUNION NIÑO-------------------------------
--select * from ControlNino
select * from unidad
select nino_id,unidad_id from nino
select id,nombre from persona where id>200
insert into ReunionNino(nino_id,reunion_id,asitencia,puntualidad,tarea,pulcritud_id)
values(201,1,1,0,1,3)
insert into ReunionNino(nino_id,reunion_id,asitencia,puntualidad,tarea,pulcritud_id)
values(202,2,1,0,0,1)
insert into ReunionNino(nino_id,reunion_id,asitencia,puntualidad,tarea,pulcritud_id)
values(203,3,1,0,1,1)
insert into ReunionNino(nino_id,reunion_id,asitencia,puntualidad,tarea,pulcritud_id)
values(204,4,1,0,1,3)
insert into ReunionNino(nino_id,reunion_id,asitencia,puntualidad,tarea,pulcritud_id)
values(205,5,1,0,1,1)
insert into ReunionNino(nino_id,reunion_id,asitencia,puntualidad,tarea,pulcritud_id)
values(206,6,1,1,0,1)
insert into ReunionNino(nino_id,reunion_id,asitencia,puntualidad,tarea,pulcritud_id)
values(207,7,1,1,0,1)
insert into ReunionNino(nino_id,reunion_id,asitencia,puntualidad,tarea,pulcritud_id)
values(208,8,1,1,1,3)
insert into ReunionNino(nino_id,reunion_id,asitencia,puntualidad,tarea,pulcritud_id)
values(209,9,1,0,0,1)
insert into ReunionNino(nino_id,reunion_id,asitencia,puntualidad,tarea,pulcritud_id)
values(210,10,1,1,0,3)
insert into ReunionNino(nino_id,reunion_id,asitencia,puntualidad,tarea,pulcritud_id)
values(211,11,1,0,1,2)
insert into ReunionNino(nino_id,reunion_id,asitencia,puntualidad,tarea,pulcritud_id)
values(212,12,1,1,0,1)
insert into ReunionNino(nino_id,reunion_id,asitencia,puntualidad,tarea,pulcritud_id)
values(213,13,1,0,1,3)
insert into ReunionNino(nino_id,reunion_id,asitencia,puntualidad,tarea,pulcritud_id)
values(214,14,1,1,0,2)
insert into ReunionNino(nino_id,reunion_id,asitencia,puntualidad,tarea,pulcritud_id)
values(215,15,1,0,0,1)
insert into ReunionNino(nino_id,reunion_id,asitencia,puntualidad,tarea,pulcritud_id)
values(216,16,1,0,1,1)
insert into ReunionNino(nino_id,reunion_id,asitencia,puntualidad,tarea,pulcritud_id)
values(217,17,1,1,0,1)
insert into ReunionNino(nino_id,reunion_id,asitencia,puntualidad,tarea,pulcritud_id)
values(218,18,1,0,1,1)
insert into ReunionNino(nino_id,reunion_id,asitencia,puntualidad,tarea,pulcritud_id)
values(219,19,1,1,1,3)
insert into ReunionNino(nino_id,reunion_id,asitencia,puntualidad,tarea,pulcritud_id)
values(220,20,1,0,0,1)
insert into ReunionNino(nino_id,reunion_id,asitencia,puntualidad,tarea,pulcritud_id)
values(221,1,1,1,1,1)
insert into ReunionNino(nino_id,reunion_id,asitencia,puntualidad,tarea,pulcritud_id)
values(222,2,1,1,0,2)
insert into ReunionNino(nino_id,reunion_id,asitencia,puntualidad,tarea,pulcritud_id)
values(223,3,1,0,1,3)
insert into ReunionNino(nino_id,reunion_id,asitencia,puntualidad,tarea,pulcritud_id)
values(224,4,1,1,1,3)
insert into ReunionNino(nino_id,reunion_id,asitencia,puntualidad,tarea,pulcritud_id)
values(225,5,1,0,0,3)
insert into ReunionNino(nino_id,reunion_id,asitencia,puntualidad,tarea,pulcritud_id)
values(226,6,1,1,1,2)
insert into ReunionNino(nino_id,reunion_id,asitencia,puntualidad,tarea,pulcritud_id)
values(227,7,1,0,1,3)
insert into ReunionNino(nino_id,reunion_id,asitencia,puntualidad,tarea,pulcritud_id)
values(228,8,1,1,1,1)
insert into ReunionNino(nino_id,reunion_id,asitencia,puntualidad,tarea,pulcritud_id)
values(229,9,1,0,0,1)
insert into ReunionNino(nino_id,reunion_id,asitencia,puntualidad,tarea,pulcritud_id)
values(230,10,1,1,0,1)
insert into ReunionNino(nino_id,reunion_id,asitencia,puntualidad,tarea,pulcritud_id)
values(231,11,1,1,0,1)
insert into ReunionNino(nino_id,reunion_id,asitencia,puntualidad,tarea,pulcritud_id)
values(232,12,1,0,1,3)
insert into ReunionNino(nino_id,reunion_id,asitencia,puntualidad,tarea,pulcritud_id)
values(233,13,1,1,0,2)
insert into ReunionNino(nino_id,reunion_id,asitencia,puntualidad,tarea,pulcritud_id)
values(234,14,1,0,1,3)
insert into ReunionNino(nino_id,reunion_id,asitencia,puntualidad,tarea,pulcritud_id)
values(235,15,1,1,1,2)
insert into ReunionNino(nino_id,reunion_id,asitencia,puntualidad,tarea,pulcritud_id)
values(236,16,1,0,1,3)
insert into ReunionNino(nino_id,reunion_id,asitencia,puntualidad,tarea,pulcritud_id)
values(237,17,1,1,0,1)
insert into ReunionNino(nino_id,reunion_id,asitencia,puntualidad,tarea,pulcritud_id)
values(238,18,1,1,0,1)
insert into ReunionNino(nino_id,reunion_id,asitencia,puntualidad,tarea,pulcritud_id)
values(239,19,1,1,1,3)
insert into ReunionNino(nino_id,reunion_id,asitencia,puntualidad,tarea,pulcritud_id)
values(240,20,1,1,1,2)
insert into ReunionNino(nino_id,reunion_id,asitencia,puntualidad,tarea,pulcritud_id)
values(241,1,1,0,0,2)
insert into ReunionNino(nino_id,reunion_id,asitencia,puntualidad,tarea,pulcritud_id)
values(242,2,1,1,1,2)
insert into ReunionNino(nino_id,reunion_id,asitencia,puntualidad,tarea,pulcritud_id)
values(243,3,1,1,0,2)
insert into ReunionNino(nino_id,reunion_id,asitencia,puntualidad,tarea,pulcritud_id)
values(244,4,1,0,0,2)
insert into ReunionNino(nino_id,reunion_id,asitencia,puntualidad,tarea,pulcritud_id)
values(245,5,1,1,0,3)
insert into ReunionNino(nino_id,reunion_id,asitencia,puntualidad,tarea,pulcritud_id)
values(246,6,1,1,1,3)
insert into ReunionNino(nino_id,reunion_id,asitencia,puntualidad,tarea,pulcritud_id)
values(247,7,1,1,0,3)
insert into ReunionNino(nino_id,reunion_id,asitencia,puntualidad,tarea,pulcritud_id)
values(248,8,1,1,0,1)
insert into ReunionNino(nino_id,reunion_id,asitencia,puntualidad,tarea,pulcritud_id)
values(249,9,1,0,1,3)
insert into ReunionNino(nino_id,reunion_id,asitencia,puntualidad,tarea,pulcritud_id)
values(250,10,1,0,1,2)
insert into ReunionNino(nino_id,reunion_id,asitencia,puntualidad,tarea,pulcritud_id)
values(251,11,1,0,0,3)
insert into ReunionNino(nino_id,reunion_id,asitencia,puntualidad,tarea,pulcritud_id)
values(252,12,1,0,0,3)
insert into ReunionNino(nino_id,reunion_id,asitencia,puntualidad,tarea,pulcritud_id)
values(253,13,1,1,0,1)
insert into ReunionNino(nino_id,reunion_id,asitencia,puntualidad,tarea,pulcritud_id)
values(254,14,1,1,1,2)
insert into ReunionNino(nino_id,reunion_id,asitencia,puntualidad,tarea,pulcritud_id)
values(255,15,1,1,0,2)
insert into ReunionNino(nino_id,reunion_id,asitencia,puntualidad,tarea,pulcritud_id)
values(256,16,1,0,0,2)
insert into ReunionNino(nino_id,reunion_id,asitencia,puntualidad,tarea,pulcritud_id)
values(257,17,1,0,1,1)
insert into ReunionNino(nino_id,reunion_id,asitencia,puntualidad,tarea,pulcritud_id)
values(258,18,1,1,0,1)
insert into ReunionNino(nino_id,reunion_id,asitencia,puntualidad,tarea,pulcritud_id)
values(259,19,1,1,1,3)
insert into ReunionNino(nino_id,reunion_id,asitencia,puntualidad,tarea,pulcritud_id)
values(260,20,1,0,0,1)
insert into ReunionNino(nino_id,reunion_id,asitencia,puntualidad,tarea,pulcritud_id)
values(261,1,1,1,1,1)
insert into ReunionNino(nino_id,reunion_id,asitencia,puntualidad,tarea,pulcritud_id)
values(262,2,1,1,1,2)
insert into ReunionNino(nino_id,reunion_id,asitencia,puntualidad,tarea,pulcritud_id)
values(263,3,1,1,0,3)
insert into ReunionNino(nino_id,reunion_id,asitencia,puntualidad,tarea,pulcritud_id)
values(264,4,1,0,0,2)
insert into ReunionNino(nino_id,reunion_id,asitencia,puntualidad,tarea,pulcritud_id)
values(265,5,1,1,0,2)
insert into ReunionNino(nino_id,reunion_id,asitencia,puntualidad,tarea,pulcritud_id)
values(266,6,1,0,1,1)
insert into ReunionNino(nino_id,reunion_id,asitencia,puntualidad,tarea,pulcritud_id)
values(267,7,1,1,0,1)
insert into ReunionNino(nino_id,reunion_id,asitencia,puntualidad,tarea,pulcritud_id)
values(268,8,1,1,1,2)
insert into ReunionNino(nino_id,reunion_id,asitencia,puntualidad,tarea,pulcritud_id)
values(269,9,1,1,1,2)
insert into ReunionNino(nino_id,reunion_id,asitencia,puntualidad,tarea,pulcritud_id)
values(270,10,1,0,1,2)
insert into ReunionNino(nino_id,reunion_id,asitencia,puntualidad,tarea,pulcritud_id)
values(271,11,1,0,1,3)
insert into ReunionNino(nino_id,reunion_id,asitencia,puntualidad,tarea,pulcritud_id)
values(272,12,1,0,0,2)
insert into ReunionNino(nino_id,reunion_id,asitencia,puntualidad,tarea,pulcritud_id)
values(273,13,1,0,0,2)
insert into ReunionNino(nino_id,reunion_id,asitencia,puntualidad,tarea,pulcritud_id)
values(274,14,1,1,1,3)
insert into ReunionNino(nino_id,reunion_id,asitencia,puntualidad,tarea,pulcritud_id)
values(275,15,1,1,0,2)
insert into ReunionNino(nino_id,reunion_id,asitencia,puntualidad,tarea,pulcritud_id)
values(276,16,1,1,0,3)
insert into ReunionNino(nino_id,reunion_id,asitencia,puntualidad,tarea,pulcritud_id)
values(277,17,1,1,1,2)
insert into ReunionNino(nino_id,reunion_id,asitencia,puntualidad,tarea,pulcritud_id)
values(278,18,1,1,0,3)
insert into ReunionNino(nino_id,reunion_id,asitencia,puntualidad,tarea,pulcritud_id)
values(279,19,1,0,0,2)
insert into ReunionNino(nino_id,reunion_id,asitencia,puntualidad,tarea,pulcritud_id)
values(280,20,1,1,0,2)
insert into ReunionNino(nino_id,reunion_id,asitencia,puntualidad,tarea,pulcritud_id)
values(281,1,1,1,0,2)
insert into ReunionNino(nino_id,reunion_id,asitencia,puntualidad,tarea,pulcritud_id)
values(282,2,1,1,1,1)
insert into ReunionNino(nino_id,reunion_id,asitencia,puntualidad,tarea,pulcritud_id)
values(283,3,1,0,0,2)
insert into ReunionNino(nino_id,reunion_id,asitencia,puntualidad,tarea,pulcritud_id)
values(284,4,1,0,1,2)
insert into ReunionNino(nino_id,reunion_id,asitencia,puntualidad,tarea,pulcritud_id)
values(285,5,1,1,0,3)
insert into ReunionNino(nino_id,reunion_id,asitencia,puntualidad,tarea,pulcritud_id)
values(286,6,1,0,1,1)
insert into ReunionNino(nino_id,reunion_id,asitencia,puntualidad,tarea,pulcritud_id)
values(287,7,1,1,0,2)
insert into ReunionNino(nino_id,reunion_id,asitencia,puntualidad,tarea,pulcritud_id)
values(288,8,1,0,0,3)
insert into ReunionNino(nino_id,reunion_id,asitencia,puntualidad,tarea,pulcritud_id)
values(289,9,1,0,1,1)
insert into ReunionNino(nino_id,reunion_id,asitencia,puntualidad,tarea,pulcritud_id)
values(290,10,1,0,0,1)
insert into ReunionNino(nino_id,reunion_id,asitencia,puntualidad,tarea,pulcritud_id)
values(291,11,1,0,1,2)
insert into ReunionNino(nino_id,reunion_id,asitencia,puntualidad,tarea,pulcritud_id)
values(292,12,1,1,1,3)
insert into ReunionNino(nino_id,reunion_id,asitencia,puntualidad,tarea,pulcritud_id)
values(293,13,1,0,0,3)
insert into ReunionNino(nino_id,reunion_id,asitencia,puntualidad,tarea,pulcritud_id)
values(294,14,1,0,0,1)
insert into ReunionNino(nino_id,reunion_id,asitencia,puntualidad,tarea,pulcritud_id)
values(295,15,1,1,0,1)
insert into ReunionNino(nino_id,reunion_id,asitencia,puntualidad,tarea,pulcritud_id)
values(296,16,1,0,1,3)
insert into ReunionNino(nino_id,reunion_id,asitencia,puntualidad,tarea,pulcritud_id)
values(297,17,1,1,1,1)
insert into ReunionNino(nino_id,reunion_id,asitencia,puntualidad,tarea,pulcritud_id)
values(298,18,1,1,0,3)
insert into ReunionNino(nino_id,reunion_id,asitencia,puntualidad,tarea,pulcritud_id)
values(299,19,1,1,1,2)
insert into ReunionNino(nino_id,reunion_id,asitencia,puntualidad,tarea,pulcritud_id)
values(300,20,1,0,0,2)

select * from ReunionNino
