
---------------------------LLENANDO LA TABLA PADRE-------------------------------
--select * from padre
-- Esta la editó kelly --


select * from Ocupacion
insert into padre(padre_id,Ocupacion_ID)
values(101,1)
insert into padre(padre_id,Ocupacion_ID)
values(102, 2)
insert into padre(padre_id,Ocupacion_ID)
values(103, 3)
insert into padre(padre_id,Ocupacion_ID)
values(104, 4)
insert into padre(padre_id,Ocupacion_ID)
values(105, 5)
insert into padre(padre_id,Ocupacion_ID)
values(106, 6)
insert into padre(padre_id,Ocupacion_ID)
values(107, 7)
insert into padre(padre_id,Ocupacion_ID)
values(108, 8)
insert into padre(padre_id,Ocupacion_ID)
values(109, 9)
insert into padre(padre_id,Ocupacion_ID)
values(110, 10)
insert into padre(padre_id,Ocupacion_ID)
values(111, 11)
insert into padre(padre_id,Ocupacion_ID)
values(112, 12)
insert into padre(padre_id,Ocupacion_ID)
values(113, 13)
insert into padre(padre_id,Ocupacion_ID)
values(114, 14)
insert into padre(padre_id,Ocupacion_ID)
values(115, 15)
insert into padre(padre_id,Ocupacion_ID)
values(116, 16)
insert into padre(padre_id,Ocupacion_ID)
values(117, 17)
insert into padre(padre_id,Ocupacion_ID)
values(118, 18)
insert into padre(padre_id,Ocupacion_ID)
values(119, 19)
insert into padre(padre_id,Ocupacion_ID)
values(120, 20)
insert into padre(padre_id,Ocupacion_ID)
values(121, 1)
insert into padre(padre_id,Ocupacion_ID)
values(122, 2)
insert into padre(padre_id,Ocupacion_ID)
values(123, 3)
insert into padre(padre_id,Ocupacion_ID)
values(124, 4)
insert into padre(padre_id,Ocupacion_ID)
values(125, 5)
insert into padre(padre_id,Ocupacion_ID)
values(126, 6)
insert into padre(padre_id,Ocupacion_ID)
values(127, 7)
insert into padre(padre_id,Ocupacion_ID)
values(128, 8)
insert into padre(padre_id,Ocupacion_ID)
values(129, 9)
insert into padre(padre_id,Ocupacion_ID)
values(130, 10)
insert into padre(padre_id,Ocupacion_ID)
values(131, 11)
insert into padre(padre_id,Ocupacion_ID)
values(132, 12)
insert into padre(padre_id,Ocupacion_ID)
values(133, 13)
insert into padre(padre_id,Ocupacion_ID)
values(134, 14)
insert into padre(padre_id,Ocupacion_ID)
values(135, 15)
insert into padre(padre_id,Ocupacion_ID)
values(136, 16)
insert into padre(padre_id,Ocupacion_ID)
values(137, 17)
insert into padre(padre_id,Ocupacion_ID)
values(138, 18)
insert into padre(padre_id,Ocupacion_ID)
values(139, 19)
insert into padre(padre_id,Ocupacion_ID)
values(140, 20)
insert into padre(padre_id,Ocupacion_ID)
values(141, 1)
insert into padre(padre_id,Ocupacion_ID)
values(142, 2)
insert into padre(padre_id,Ocupacion_ID)
values(143, 3)
insert into padre(padre_id,Ocupacion_ID)
values(144, 4)
insert into padre(padre_id,Ocupacion_ID)
values(145, 5)
insert into padre(padre_id,Ocupacion_ID)
values(146, 6)
insert into padre(padre_id,Ocupacion_ID)
values(147, 7)
insert into padre(padre_id,Ocupacion_ID)
values(148, 8)
insert into padre(padre_id,Ocupacion_ID)
values(149, 9)
insert into padre(padre_id,Ocupacion_ID)
values(150, 10)
insert into padre(padre_id,Ocupacion_ID)
values(151, 11)
insert into padre(padre_id,Ocupacion_ID)
values(152, 12)
insert into padre(padre_id,Ocupacion_ID)
values(153, 13)
insert into padre(padre_id,Ocupacion_ID)
values(154, 14)
insert into padre(padre_id,Ocupacion_ID)
values(155, 15)
insert into padre(padre_id,Ocupacion_ID)
values(156, 16)
insert into padre(padre_id,Ocupacion_ID)
values(157, 17)
insert into padre(padre_id,Ocupacion_ID)
values(158, 18)
insert into padre(padre_id,Ocupacion_ID)
values(159, 19)
insert into padre(padre_id,Ocupacion_ID)
values(160, 20)
insert into padre(padre_id,Ocupacion_ID)
values(161, 2)
insert into padre(padre_id,Ocupacion_ID)
values(162, 15)
insert into padre(padre_id,Ocupacion_ID)
values(163, 4)
insert into padre(padre_id,Ocupacion_ID)
values(164, 7)
insert into padre(padre_id,Ocupacion_ID)
values(165, 9)
insert into padre(padre_id,Ocupacion_ID)
values(166, 11)
insert into padre(padre_id,Ocupacion_ID)
values(167, 14)
insert into padre(padre_id,Ocupacion_ID)
values(168, 7)
insert into padre(padre_id,Ocupacion_ID)
values(169, 6)
insert into padre(padre_id,Ocupacion_ID)
values(170, 16)
insert into padre(padre_id,Ocupacion_ID)
values(171, 7)
insert into padre(padre_id,Ocupacion_ID)
values(172, 3)
insert into padre(padre_id,Ocupacion_ID)
values(173, 9)
insert into padre(padre_id,Ocupacion_ID)
values(174, 4)
insert into padre(padre_id,Ocupacion_ID)
values(175, 19)
insert into padre(padre_id,Ocupacion_ID)
values(176, 13)
insert into padre(padre_id,Ocupacion_ID)
values(177, 17)
insert into padre(padre_id,Ocupacion_ID)
values(178, 1)
insert into padre(padre_id,Ocupacion_ID)
values(179, 5)
insert into padre(padre_id,Ocupacion_ID)
values(180, 6)
insert into padre(padre_id,Ocupacion_ID)
values(181, 13)
insert into padre(padre_id,Ocupacion_ID)
values(182,  17)
insert into padre(padre_id,Ocupacion_ID)
values(183, 11)
insert into padre(padre_id,Ocupacion_ID)
values(184, 9)
insert into padre(padre_id,Ocupacion_ID)
values(185, 8)
insert into padre(padre_id,Ocupacion_ID)
values(186, 3)
insert into padre(padre_id,Ocupacion_ID)
values(187,1)
insert into padre(padre_id,Ocupacion_ID)
values(188, 7)
insert into padre(padre_id,Ocupacion_ID)
values(189, 18)
insert into padre(padre_id,Ocupacion_ID)
values(190, 6)
insert into padre(padre_id,Ocupacion_ID)
values(191, 3)
insert into padre(padre_id,Ocupacion_ID)
values(192, 4)
insert into padre(padre_id,Ocupacion_ID)
values(193, 20)
insert into padre(padre_id,Ocupacion_ID)
values(194, 20)
insert into padre(padre_id,Ocupacion_ID)
values(195, 7)
insert into padre(padre_id,Ocupacion_ID)
values(196, 4)
insert into padre(padre_id,Ocupacion_ID)
values(197, 15)
insert into padre(padre_id,Ocupacion_ID)
values(198, 4)
insert into padre(padre_id,Ocupacion_ID)
values(199,1)
insert into padre(padre_id,Ocupacion_ID)
values(200 , 4)

select * from padre


------------------------LLENANDO LA TABLA TELEFONO PADRE---------------------------

select * from telefonoPadre

insert into telefonoPadre(padre_id,numero)
values(101, '6671803312')
insert into telefonoPadre(padre_id,numero)
values(102,'6677405321')
insert into telefonoPadre(padre_id,numero)
values(103,'6672415869')
insert into telefonoPadre(padre_id,numero)
values(104,'6711803356')
insert into telefonoPadre(padre_id,numero)
values(105,'6673458569')
insert into telefonoPadre(padre_id,numero)
values(106,'6674851247')
insert into telefonoPadre(padre_id,numero)
values(107,'6675198346')
insert into telefonoPadre(padre_id,numero)
values(108,'6666366666')
insert into telefonoPadre(padre_id,numero)
values(109,'6676123958')
insert into telefonoPadre(padre_id,numero)
values(110,'6677852498')


insert into telefonoPadre(padre_id,numero)
values(111,'6678963572')
insert into telefonoPadre(padre_id,numero)
values(112,'6671854935')
insert into telefonoPadre(padre_id,numero)
values(113,'6671854935')
insert into telefonoPadre(padre_id,numero)
values(114,'6671854935')
insert into telefonoPadre(padre_id,numero)
values(115,'6644781973')
insert into telefonoPadre(padre_id,numero)
values(116,'6644781973')
insert into telefonoPadre(padre_id,numero)
values(117,'6671854935')
insert into telefonoPadre(padre_id,numero)
values(118,'6677589998')
insert into telefonoPadre(padre_id,numero)
values(119,'6679598418')
insert into telefonoPadre(padre_id,numero)
values(120,'6671845696')


insert into telefonoPadre(padre_id,numero)
values(121,'6674895681')
insert into telefonoPadre(padre_id,numero)
values(122,'8978542652')
insert into telefonoPadre(padre_id,numero)
values(123,'6688968598')
insert into telefonoPadre(padre_id,numero)
values(124,'6612369854')
insert into telefonoPadre(padre_id,numero)
values(125,'1234567892')
insert into telefonoPadre(padre_id,numero)
values(126,'1122334455')
insert into telefonoPadre(padre_id,numero)
values(127,'6677238169')
insert into telefonoPadre(padre_id,numero)
values(128,'5123458569')
insert into telefonoPadre(padre_id,numero)
values(129,'4545684542')
insert into telefonoPadre(padre_id,numero)
values(130,'6689123678')


insert into telefonoPadre(padre_id,numero)
values(131,'6671804696')
insert into telefonoPadre(padre_id,numero)
values(132,'7766995581')
insert into telefonoPadre(padre_id,numero)
values(133,'6715364589')
insert into telefonoPadre(padre_id,numero)
values(134,'6685569631')
insert into telefonoPadre(padre_id,numero)
values(135,'6689637319')
insert into telefonoPadre(padre_id,numero)
values(136,'6677519998')
insert into telefonoPadre(padre_id,numero)
values(137,'6677586698')
insert into telefonoPadre(padre_id,numero)
values(138,'6677589994')
insert into telefonoPadre(padre_id,numero)
values(139,'6671589998')
insert into telefonoPadre(padre_id,numero)
values(140,'6577589998')


insert into telefonoPadre(padre_id,numero)
values(141,'6677530998')
insert into telefonoPadre(padre_id,numero)
values(142,'3696658912')
insert into telefonoPadre(padre_id,numero)
values(143,'6673658998')
insert into telefonoPadre(padre_id,numero)
values(144,'6677589998')
insert into telefonoPadre(padre_id,numero)
values(145,'6677589998')
insert into telefonoPadre(padre_id,numero)
values(146,'6677589998')
insert into telefonoPadre(padre_id,numero)
values(147,'6677589998')
insert into telefonoPadre(padre_id,numero)
values(148,'6677589998')
insert into telefonoPadre(padre_id,numero)
values(149,'6677589998')
insert into telefonoPadre(padre_id,numero)
values(150,'6677589998')

insert into telefonoPadre(padre_id,numero)
values(151,'6671803312')
insert into telefonoPadre(padre_id,numero)
values(152,'6677405321')
insert into telefonoPadre(padre_id,numero)
values(153,'6672415869')
insert into telefonoPadre(padre_id,numero)
values(154,'6711803356')
insert into telefonoPadre(padre_id,numero)
values(155,'6673458569')
insert into telefonoPadre(padre_id,numero)
values(156,'6674851247')
insert into telefonoPadre(padre_id,numero)
values(157,'6675198346')
insert into telefonoPadre(padre_id,numero)
values(158,'6666366666')
insert into telefonoPadre(padre_id,numero)
values(159,'6676123958')
insert into telefonoPadre(padre_id,numero)
values(160,'6671803312')

select * from telefonoPadre
insert into telefonoPadre(padre_id,numero)
values(161,'6678963572')
insert into telefonoPadre(padre_id,numero)
values(162,'6671854935')
insert into telefonoPadre(padre_id,numero)
values(163,'6671854935')
insert into telefonoPadre(padre_id,numero)
values(164,'6671854935')
insert into telefonoPadre(padre_id,numero)
values(165,'6644781973')
insert into telefonoPadre(padre_id,numero)
values(166,'6671854935')
insert into telefonoPadre(padre_id,numero)
values(167,'6677589998')
insert into telefonoPadre(padre_id,numero)
values(168,'6677589998')
insert into telefonoPadre(padre_id,numero)
values(169,'6677589998')
insert into telefonoPadre(padre_id,numero)
values(170,'6677589998')


insert into telefonoPadre(padre_id,numero)
values(171,'6677589998')
insert into telefonoPadre(padre_id,numero)
values(172,'6677589998')
insert into telefonoPadre(padre_id,numero)
values(173,'6677589998')
insert into telefonoPadre(padre_id,numero)
values(174,'6677589998')
insert into telefonoPadre(padre_id,numero)
values(175,'6677589998')
insert into telefonoPadre(padre_id,numero)
values(176,'6677589998')
insert into telefonoPadre(padre_id,numero)
values(177,'6677589998')
insert into telefonoPadre(padre_id,numero)
values(178,'6677589998')
insert into telefonoPadre(padre_id,numero)
values(179,'6677589998')
insert into telefonoPadre(padre_id,numero)
values(180,'6677589998')


insert into telefonoPadre(padre_id,numero)
values(181,'6677589998')
insert into telefonoPadre(padre_id,numero)
values(182,'6677589998')
insert into telefonoPadre(padre_id,numero)
values(183,'6677589998')
insert into telefonoPadre(padre_id,numero)
values(184,'6677589998')
insert into telefonoPadre(padre_id,numero)
values(185,'6677589998')
insert into telefonoPadre(padre_id,numero)
values(186,'6677589998')
insert into telefonoPadre(padre_id,numero)
values(187,'6677589998')
insert into telefonoPadre(padre_id,numero)
values(188,'6677589998')
insert into telefonoPadre(padre_id,numero)
values(189,'6677589998')
insert into telefonoPadre(padre_id,numero)
values(190,'6677589998')

 
insert into telefonoPadre(padre_id,numero)
values(191,'6677589998')
insert into telefonoPadre(padre_id,numero)
values(192,'6677589998')
insert into telefonoPadre(padre_id,numero)
values(193,'6677589998')
insert into telefonoPadre(padre_id,numero)
values(194,'6677589998')
insert into telefonoPadre(padre_id,numero)
values(195,'6677589998')
insert into telefonoPadre(padre_id,numero)
values(196,'6677589998')
insert into telefonoPadre(padre_id,numero)
values(197,'6677589998')
insert into telefonoPadre(padre_id,numero)
values(198,'6677589998')
insert into telefonoPadre(padre_id,numero)
values(199,'6677589998')
insert into telefonoPadre(padre_id,numero)
values(200,'6677589998')

select * from telefonoPadre
drop table telefonoPadre

---------------------------LLENANDO LA TABLA NIÑO-------------------------------
--select * from niño
--select * from persona
--select * from padre
insert into nino(nino_id,estatura,peso,padre_id)
values(,,,)

select * from niño

---------------------------LLENANDO LA TABLA ALERGIA NIÑO-------------------------------
--select * from alergiaNino
select * from nino
select * from alergia
--1--
insert into alergiaNino(nino_id,alergia_id)
values(201, 1)
insert into alergiaNino(nino_id,alergia_id)
values(202, 6)
insert into alergiaNino(nino_id,alergia_id)
values(203, 8)
insert into alergiaNino(nino_id,alergia_id)
values(203, 2)
insert into alergiaNino(nino_id,alergia_id)
values(204, 5)
insert into alergiaNino(nino_id,alergia_id)
values(208, 12)
insert into alergiaNino(nino_id,alergia_id)
values(208, 10)
insert into alergiaNino(nino_id,alergia_id)
values(208, 6)
insert into alergiaNino(nino_id,alergia_id)
values(211, 2)
insert into alergiaNino(nino_id,alergia_id)
values(211, 3)
--2--
insert into alergiaNino(nino_id,alergia_id)
values(211, 5)
insert into alergiaNino(nino_id,alergia_id)
values(211, 12)
insert into alergiaNino(nino_id,alergia_id)
values(215, 4)
insert into alergiaNino(nino_id,alergia_id)
values(216, 3)
insert into alergiaNino(nino_id,alergia_id)
values(217, 8)
insert into alergiaNino(nino_id,alergia_id)
values(221, 9)
insert into alergiaNino(nino_id,alergia_id)
values(221, 10)
insert into alergiaNino(nino_id,alergia_id)
values(221, 11)
insert into alergiaNino(nino_id,alergia_id)
values(221, 12)
insert into alergiaNino(nino_id,alergia_id)
values(222, 1)
--3--
insert into alergiaNino(nino_id,alergia_id)
values(223, 2)
insert into alergiaNino(nino_id,alergia_id)
values(224, 4)
insert into alergiaNino(nino_id,alergia_id)
values(225, 6)
insert into alergiaNino(nino_id,alergia_id)
values(226, 8)
insert into alergiaNino(nino_id,alergia_id)
values(226,  7)
insert into alergiaNino(nino_id,alergia_id)
values(227, 4)
insert into alergiaNino(nino_id,alergia_id)
values(228, 2)
insert into alergiaNino(nino_id,alergia_id)
values(229, 2)
insert into alergiaNino(nino_id,alergia_id)
values(229, 5)
insert into alergiaNino(nino_id,alergia_id)
values(229, 8)
--4--
insert into alergiaNino(nino_id,alergia_id)
values(230, 2)
insert into alergiaNino(nino_id,alergia_id)
values(232, 4)
insert into alergiaNino(nino_id,alergia_id)
values(235, 6)
insert into alergiaNino(nino_id,alergia_id)
values(235, 8)
insert into alergiaNino(nino_id,alergia_id)
values(235,  7)
insert into alergiaNino(nino_id,alergia_id)
values(237, 4)
insert into alergiaNino(nino_id,alergia_id)
values(238, 1)
insert into alergiaNino(nino_id,alergia_id)
values(239, 1)
insert into alergiaNino(nino_id,alergia_id)
values(239, 5)
insert into alergiaNino(nino_id,alergia_id)
values(239, 10)
--5--
insert into alergiaNino(nino_id,alergia_id)
values(240, 5)
insert into alergiaNino(nino_id,alergia_id)
values(240, 12)
insert into alergiaNino(nino_id,alergia_id)
values(240, 4)
insert into alergiaNino(nino_id,alergia_id)
values(241, 3)
insert into alergiaNino(nino_id,alergia_id)
values(243, 10)
insert into alergiaNino(nino_id,alergia_id)
values(244, 11)
insert into alergiaNino(nino_id,alergia_id)
values(244, 9)
insert into alergiaNino(nino_id,alergia_id)
values(245, 2)
insert into alergiaNino(nino_id,alergia_id)
values(250, 12)
insert into alergiaNino(nino_id,alergia_id)
values(250, 1)
--6--
insert into alergiaNino(nino_id,alergia_id)
values(251, 1)
insert into alergiaNino(nino_id,alergia_id)
values(252, 3)
insert into alergiaNino(nino_id,alergia_id)
values(253, 10)
insert into alergiaNino(nino_id,alergia_id)
values(254, 2)
insert into alergiaNino(nino_id,alergia_id)
values(254, 12)
insert into alergiaNino(nino_id,alergia_id)
values(255,  7)
insert into alergiaNino(nino_id,alergia_id)
values(256, 6)
insert into alergiaNino(nino_id,alergia_id)
values(257, 1)
insert into alergiaNino(nino_id,alergia_id)
values(258, 2)
insert into alergiaNino(nino_id,alergia_id)
values(259, 3)
--7--
insert into alergiaNino(nino_id,alergia_id)
values(260, 1)
insert into alergiaNino(nino_id,alergia_id)
values(265, 6)
insert into alergiaNino(nino_id,alergia_id)
values(265, 3)
insert into alergiaNino(nino_id,alergia_id)
values(265, 9)
insert into alergiaNino(nino_id,alergia_id)
values(265,  5)
insert into alergiaNino(nino_id,alergia_id)
values(267, 4)
insert into alergiaNino(nino_id,alergia_id)
values(269, 1)
insert into alergiaNino(nino_id,alergia_id)
values(270, 10)
insert into alergiaNino(nino_id,alergia_id)
values(270, 11)
insert into alergiaNino(nino_id,alergia_id)
values(270, 12)
--8--
insert into alergiaNino(nino_id,alergia_id)
values(271, 4)
insert into alergiaNino(nino_id,alergia_id)
values(275, 12)
insert into alergiaNino(nino_id,alergia_id)
values(276, 11)
insert into alergiaNino(nino_id,alergia_id)
values(278, 2)
insert into alergiaNino(nino_id,alergia_id)
values(279, 7)
insert into alergiaNino(nino_id,alergia_id)
values(279, 3)
insert into alergiaNino(nino_id,alergia_id)
values(279, 4)
insert into alergiaNino(nino_id,alergia_id)
values(280, 2)
insert into alergiaNino(nino_id,alergia_id)
values(281, 1)
insert into alergiaNino(nino_id,alergia_id)
values(281, 1)
--9--
insert into alergiaNino(nino_id,alergia_id)
values(282, 2)
insert into alergiaNino(nino_id,alergia_id)
values(282, 6)
insert into alergiaNino(nino_id,alergia_id)
values(282, 8)
insert into alergiaNino(nino_id,alergia_id)
values(282, 10)
insert into alergiaNino(nino_id,alergia_id)
values(282, 12)
insert into alergiaNino(nino_id,alergia_id)
values(282, 3)
insert into alergiaNino(nino_id,alergia_id)
values(282, 1)
insert into alergiaNino(nino_id,alergia_id)
values(283, 5)
insert into alergiaNino(nino_id,alergia_id)
values(284, 7)
insert into alergiaNino(nino_id,alergia_id)
values(284, 3)
--10--
insert into alergiaNino(nino_id,alergia_id)
values(290, 5)
insert into alergiaNino(nino_id,alergia_id)
values(291, 12)
insert into alergiaNino(nino_id,alergia_id)
values(292, 4)
insert into alergiaNino(nino_id,alergia_id)
values(292, 3)
insert into alergiaNino(nino_id,alergia_id)
values(292, 8)
insert into alergiaNino(nino_id,alergia_id)
values(295, 9)
insert into alergiaNino(nino_id,alergia_id)
values(296, 10)
insert into alergiaNino(nino_id,alergia_id)
values(300, 11)
insert into alergiaNino(nino_id,alergia_id)
values(300, 12)
insert into alergiaNino(nino_id,alergia_id)
values(300, 1)

select * from alergiaNino

---------------------------LLENANDO LA TABLA NIÑO ClASE-------------------------------
--select * from ninoClase
--select * from clase
insert into ninoClase(nino_id,clase_id,asitencia,puntualidad,tarea,pulcritud)
values(,,,,,)

select * from ninoClase

---------------------------LLENANDO LA TABLA NIÑO ACTIVIDAD-------------------------------
--select * from ninoActividad
--select * from ninoClase
--select * from nino
--select * from actividad
insert into ninoActividad(nino_id,actividad_id)
values(,)

select * from ninoActividad